Name,Phone,Category,Query,Link
TOMORO COFFEE - Citra 6,081119272103,cafe,cafe in Jakarta Barat,https://www.google.com/maps/place/TOMORO+COFFEE+-+Citra+6/data=!4m7!3m6!1s0x2e6a034b7c1426fb:0x3a7cab03d3c9c7bf!8m2!3d-6.1253461!4d106.7117331!16s%2Fg%2F11v14g75fg!19sChIJ-yYUfEsDai4Rv8fJ0wOrfDo?authuser=0&hl=id&rclk=1
SAGA Coffee,082164277277,cafe,cafe in Jakarta Barat,https://www.google.com/maps/place/SAGA+Coffee/data=!4m7!3m6!1s0x2e6a0329a85fec71:0x6da4c046d5af2847!8m2!3d-6.1298418!4d106.7059173!16s%2Fg%2F11pbc4dqmt!19sChIJcexfqCkDai4RRyiv1UbApG0?authuser=0&hl=id&rclk=1
ARAH Coffee Citra 7,081128512545,cafe,cafe in Jakarta Barat,https://www.google.com/maps/place/ARAH+Coffee+Citra+7/data=!4m7!3m6!1s0x2e69f9fcb41b4a5f:0x21162f6ed90365b2!8m2!3d-6.145281!4d106.7003741!16s%2Fg%2F11t5dqy91z!19sChIJX0obtPz5aS4RsmUD2W4vFiE?authuser=0&hl=id&rclk=1
Kopi Konnichiwa Citra 6,081290810368,cafe,cafe in Jakarta Barat,https://www.google.com/maps/place/Kopi+Konnichiwa+Citra+6/data=!4m7!3m6!1s0x2e6a039d4e9592bd:0x1b6e05d5d7acd465!8m2!3d-6.1298421!4d106.7159671!16s%2Fg%2F11j92w2dkz!19sChIJvZKVTp0Dai4RZdSs19UFbhs?authuser=0&hl=id&rclk=1
Seberang Senja Coffee & Eatery,082223210708,cafe,cafe in Jakarta Barat,https://www.google.com/maps/place/Seberang+Senja+Coffee+%26+Eatery/data=!4m7!3m6!1s0x2e6a032c0d53b9a9:0x833dae0eef47fdfe!8m2!3d-6.1214507!4d106.6975829!16s%2Fg%2F11xf3061w0!19sChIJqblTDSwDai4R_v1H7w6uPYM?authuser=0&hl=id&rclk=1
Cafe Clabing,085718186954,cafe,cafe in Jakarta Barat,https://www.google.com/maps/place/Cafe+Clabing/data=!4m7!3m6!1s0x2e6a02a7b363b01d:0x33437f042fb1d6d6!8m2!3d-6.136851!4d106.7098142!16s%2Fg%2F11f01yj0qs!19sChIJHbBjs6cCai4R1taxLwR_QzM?authuser=0&hl=id&rclk=1
SEMATJAM di Citra 6,085721555501,cafe,cafe in Jakarta Barat,https://www.google.com/maps/place/SEMATJAM+di+Citra+6/data=!4m7!3m6!1s0x2e6a02b9f59d930d:0xc0bdbb5157b11131!8m2!3d-6.1233441!4d106.7099119!16s%2Fg%2F11bw5ytwpp!19sChIJDZOd9bkCai4RMRGxV1G7vcA?authuser=0&hl=id&rclk=1
Polly Cafe Sunset Avenue,081291994192,cafe,cafe in Jakarta Barat,https://www.google.com/maps/place/Polly+Cafe+Sunset+Avenue/data=!4m7!3m6!1s0x2e6a035eb2db185d:0x673fabf30f539458!8m2!3d-6.1214513!4d106.6971004!16s%2Fg%2F11v64r60_4!19sChIJXRjbsl4Dai4RWJRTD_OrP2c?authuser=0&hl=id&rclk=1
Tipika micro Roastery,08989900046,cafe,cafe in Jakarta Barat,https://www.google.com/maps/place/Tipika+micro+Roastery/data=!4m7!3m6!1s0x2e69f9411a4ed343:0xf232293470e3607!8m2!3d-6.1149335!4d106.7106663!16s%2Fg%2F11h423sp95!19sChIJQ9NOGkH5aS4RBzYOR5MiIw8?authuser=0&hl=id&rclk=1
Backdoor x PatBingSoo Next Level,087749528886,cafe,cafe in Jakarta Barat,https://www.google.com/maps/place/Backdoor+x+PatBingSoo+Next+Level/data=!4m7!3m6!1s0x2e6a03c27f3fcbc9:0x508371919fe35c34!8m2!3d-6.1245742!4d106.7103752!16s%2Fg%2F11sn2l0psd!19sChIJycs_f8IDai4RNFzjn5Fxg1A?authuser=0&hl=id&rclk=1
YOEEH COFFEE ROASTERY,085161219010,cafe,cafe in Jakarta Barat,https://www.google.com/maps/place/YOEEH+COFFEE+ROASTERY/data=!4m7!3m6!1s0x2e69f91b8b00c467:0xa2b6b9575838f7a4!8m2!3d-6.151617!4d106.7023994!16s%2Fg%2F11vyvnyr84!19sChIJZ8QAixv5aS4RpPc4WFe5tqI?authuser=0&hl=id&rclk=1
Joy Listening Space Coffee Tea Smoothie,08170040653,cafe,cafe in Jakarta Barat,https://www.google.com/maps/place/Joy+Listening+Space+Coffee+Tea+Smoothie/data=!4m7!3m6!1s0x2e6a1d2b86aeecc7:0xd84de0894b875921!8m2!3d-6.1334146!4d106.7343642!16s%2Fg%2F11vjy0znzg!19sChIJx-yuhisdai4RIVmHS4ngTdg?authuser=0&hl=id&rclk=1
Green Fox Kalideres (Coffee•Kitchen•Gelato),082312357324,cafe,cafe in Jakarta Barat,https://www.google.com/maps/place/Green+Fox+Kalideres+%28Coffee%E2%80%A2Kitchen%E2%80%A2Gelato%29/data=!4m7!3m6!1s0x2e69f9e9c49e907f:0x5bd1f5aa41b6aac0!8m2!3d-6.1439218!4d106.7002699!16s%2Fg%2F11xlzb3xcn!19sChIJf5CexOn5aS4RwKq2Qar10Vs?authuser=0&hl=id&rclk=1
black nektar kedai,081382130075,cafe,cafe in Jakarta Barat,https://www.google.com/maps/place/black+nektar+kedai/data=!4m7!3m6!1s0x2e69e9f42bc9f5fb:0xe7527851930fbd61!8m2!3d-6.1249703!4d106.7148408!16s%2Fg%2F11lg3sb_6q!19sChIJ-_XJK_TpaS4RYb0Pk1F4Uuc?authuser=0&hl=id&rclk=1
Kopi Leku Apartemen Sky Terrace,081808192663,cafe,cafe in Jakarta Barat,https://www.google.com/maps/place/Kopi+Leku+Apartemen+Sky+Terrace/data=!4m7!3m6!1s0x2e69f9d2cd654db5:0x905abf34d8942205!8m2!3d-6.1514296!4d106.7131055!16s%2Fg%2F11nwx88k06!19sChIJtU1lzdL5aS4RBSKU2DS_WpA?authuser=0&hl=id&rclk=1
COLUMN; Rooftop Cafe,081292609364,cafe,cafe in Jakarta Barat,https://www.google.com/maps/place/COLUMN;+Rooftop+Cafe/data=!4m7!3m6!1s0x2e69f7172ad964d1:0x11b299fd8d6cd312!8m2!3d-6.1418601!4d106.7382716!16s%2Fg%2F11rd023ss4!19sChIJ0WTZKhf3aS4REtNsjf2ZshE?authuser=0&hl=id&rclk=1
Warmindo Nongkrong Wareg (NW),081213800908,cafe,cafe in Jakarta Barat,https://www.google.com/maps/place/Warmindo+Nongkrong+Wareg+%28NW%29/data=!4m7!3m6!1s0x2e69f9013bf6a061:0xde8a3d75b9b85695!8m2!3d-6.1502331!4d106.702267!16s%2Fg%2F11sffpztg8!19sChIJYaD2OwH5aS4RlVa4uXU9it4?authuser=0&hl=id&rclk=1
Cafe Siang Malam 7 (24JAM),085710504497,cafe,cafe in Jakarta Barat,https://www.google.com/maps/place/Cafe+Siang+Malam+7+%2824JAM%29/data=!4m7!3m6!1s0x2e69f7dbb72fb101:0xe1155268550bcf94!8m2!3d-6.1705877!4d106.7852693!16s%2Fg%2F11fcqt15nv!19sChIJAbEvt9v3aS4RlM8LVWhSFeE?authuser=0&hl=id&rclk=1
Pros coffe,081334885203,cafe,cafe in Jakarta Barat,https://www.google.com/maps/place/Pros+coffe/data=!4m7!3m6!1s0x2e69f91b08ccec3f:0xd120e9a496ca45ca!8m2!3d-6.1469178!4d106.7007097!16s%2Fg%2F11fscv6dms!19sChIJP-zMCBv5aS4RykXKlqTpINE?authuser=0&hl=id&rclk=1
Kungfu Ice Cream,081257222218,cafe,cafe in Jakarta Barat,https://www.google.com/maps/place/Kungfu+Ice+Cream/data=!4m7!3m6!1s0x2e6a03f3bbad676d:0x5b16d063f82005fb!8m2!3d-6.129821!4d106.7100363!16s%2Fg%2F11j7_dd06y!19sChIJbWetu_MDai4R-wUg-GPQFls?authuser=0&hl=id&rclk=1
Reset Coffee - Green Garden,087821879887,cafe,cafe in Jakarta Barat,https://www.google.com/maps/place/Reset+Coffee+-+Green+Garden/data=!4m7!3m6!1s0x2e69f70005432f0b:0xefbbf24b4b2c5d83!8m2!3d-6.1656713!4d106.7622002!16s%2Fg%2F11wtf03r5c!19sChIJCy9DBQD3aS4Rg10sS0vyu-8?authuser=0&hl=id&rclk=1
Cofee & cho,081210460963,cafe,cafe in Jakarta Barat,https://www.google.com/maps/place/Cofee+%26+cho/data=!4m7!3m6!1s0x2e69f90f3f71634d:0x2515762da0885192!8m2!3d-6.1505974!4d106.6996148!16s%2Fg%2F11txjllxys!19sChIJTWNxPw_5aS4RklGIoC12FSU?authuser=0&hl=id&rclk=1
Warteg 2 Nur,087787108283,cafe,cafe in Jakarta Barat,https://www.google.com/maps/place/Warteg+2+Nur/data=!4m7!3m6!1s0x2e6a02b197b7fdab:0xe8aa8cd3d6ef968!8m2!3d-6.1270432!4d106.7162963!16s%2Fg%2F11c5z_d6qq!19sChIJq_23l7ECai4RaPluPc2oig4?authuser=0&hl=id&rclk=1
KFC Citra Garden 6,08117157069,cafe,cafe in Jakarta Barat,https://www.google.com/maps/place/KFC+Citra+Garden+6/data=!4m7!3m6!1s0x2e6a02b1d674d8e3:0x442232459be0d447!8m2!3d-6.128805!4d106.7150082!16s%2Fg%2F11c52nt102!19sChIJ49h01rECai4RR9Tgm0UyIkQ?authuser=0&hl=id&rclk=1
Sudutsatu Cafe,085893421421,cafe,cafe in Jakarta Barat,https://www.google.com/maps/place/Sudutsatu+Cafe/data=!4m7!3m6!1s0x2e69f78ae551410d:0xd3fad0998fb0d745!8m2!3d-6.1739487!4d106.7801371!16s%2Fg%2F11h1zf58pz!19sChIJDUFR5Yr3aS4RRdewj5nQ-tM?authuser=0&hl=id&rclk=1
Tanatap Coffee Meruya,081292632172,cafe,cafe in Jakarta Barat,https://www.google.com/maps/place/Tanatap+Coffee+Meruya/data=!4m7!3m6!1s0x2e69f73c541709a1:0xb796929928581e6b!8m2!3d-6.1991305!4d106.727403!16s%2Fg%2F11qrkhy733!19sChIJoQkXVDz3aS4Rax5YKJmSlrc?authuser=0&hl=id&rclk=1
Temanta Meruya,085175122087,cafe,cafe in Jakarta Barat,https://www.google.com/maps/place/Temanta+Meruya/data=!4m7!3m6!1s0x2e69f7a6fa4727f9:0xff789bd62fb3dc67!8m2!3d-6.1973798!4d106.7251706!16s%2Fg%2F11kqhv6qmq!19sChIJ-SdH-qb3aS4RZ9yzL9abeP8?authuser=0&hl=id&rclk=1
Cafe Ca Ma Cam,08561011888,cafe,cafe in Jakarta Barat,https://www.google.com/maps/place/Cafe+Ca+Ma+Cam/data=!4m7!3m6!1s0x2e6a03c0c9b309bf:0x31074d9e3bbabff1!8m2!3d-6.1229669!4d106.7101631!16s%2Fg%2F11qm638wn1!19sChIJvwmzycADai4R8b-6O55NBzE?authuser=0&hl=id&rclk=1
Kopi Kontrakan,087884686482,cafe,cafe in Jakarta Barat,https://www.google.com/maps/place/Kopi+Kontrakan/data=!4m7!3m6!1s0x2e6a1d597722eb47:0xb69edfa835135c45!8m2!3d-6.1485106!4d106.7478513!16s%2Fg%2F11f380vd6j!19sChIJR-sid1kdai4RRVwTNajfnrY?authuser=0&hl=id&rclk=1
Tongkrongan Kopaja,0895333978465,cafe,cafe in Jakarta Barat,https://www.google.com/maps/place/Tongkrongan+Kopaja/data=!4m7!3m6!1s0x2e6a038b31745853:0x5220a570afc2f013!8m2!3d-6.1109452!4d106.7034392!16s%2Fg%2F11h337wgxy!19sChIJU1h0MYsDai4RE_DCr3ClIFI?authuser=0&hl=id&rclk=1
Caffeine Suite,08118888051,cafe,cafe in Jakarta Barat,https://www.google.com/maps/place/Caffeine+Suite/data=!4m7!3m6!1s0x2e69f7d7cf5b8e0d:0xfbf5cb76f03b7dee!8m2!3d-6.1773852!4d106.7715549!16s%2Fg%2F11hyt6873x!19sChIJDY5bz9f3aS4R7n078HbL9fs?authuser=0&hl=id&rclk=1
Kopi Tetangga Sebelah,087832598880,cafe,cafe in Jakarta Barat,https://www.google.com/maps/place/Kopi+Tetangga+Sebelah/data=!4m7!3m6!1s0x2e69f7ec2e481a63:0x26806f8d2637933c!8m2!3d-6.1636189!4d106.7712165!16s%2Fg%2F11mk6lkqcs!19sChIJYxpILuz3aS4RPJM3Jo1vgCY?authuser=0&hl=id&rclk=1
ECO 8,081310008829,cafe,cafe in Jakarta Barat,https://www.google.com/maps/place/ECO+8/data=!4m7!3m6!1s0x2e69f78e95ed365f:0x18e9640ab3c70790!8m2!3d-6.1916069!4d106.7533021!16s%2Fg%2F11vjywwjtz!19sChIJXzbtlY73aS4RkAfHswpk6Rg?authuser=0&hl=id&rclk=1
IGOR CITRA 6,081388108077,restaurant,restaurant in Jakarta Barat,https://www.google.com/maps/place/IGOR+CITRA+6/data=!4m7!3m6!1s0x2e6a0391bd2c3a07:0x3139a0db2c98d6!8m2!3d-6.1268835!4d106.7131159!16s%2Fg%2F11zkd1267p!19sChIJBzosvZEDai4R1pgs26A5MQA?authuser=0&hl=id&rclk=1
Waroenk Kito Taman Palem Lestari,085107777641,restaurant,restaurant in Jakarta Barat,https://www.google.com/maps/place/Waroenk+Kito+Taman+Palem+Lestari/data=!4m7!3m6!1s0x2e6a02ab040dbebd:0x23c1e24b5bbcfe73!8m2!3d-6.1333924!4d106.7184033!16s%2Fg%2F11c6z_kfsm!19sChIJvb4NBKsCai4Rc_68W0viwSM?authuser=0&hl=id&rclk=1
Genki Sushi Citra 6,081283847410,restaurant,restaurant in Jakarta Barat,https://www.google.com/maps/place/Genki+Sushi+Citra+6/data=!4m7!3m6!1s0x2e6a03ea3d65b9b5:0xec778daf634e948b!8m2!3d-6.1282893!4d106.7145174!16s%2Fg%2F11ptlx6v9t!19sChIJtbllPeoDai4Ri5ROY6-Nd-w?authuser=0&hl=id&rclk=1
Seafood 52,081282085252,restaurant,restaurant in Jakarta Barat,https://www.google.com/maps/place/Seafood+52/data=!4m7!3m6!1s0x2e6a02aad659213b:0x816c5ca678b4dcb9!8m2!3d-6.1309147!4d106.7163269!16s%2Fg%2F11c3tx19k6!19sChIJOyFZ1qoCai4Rudy0eKZcbIE?authuser=0&hl=id&rclk=1
SEMATJAM di Citra 6,085721555501,restaurant,restaurant in Jakarta Barat,https://www.google.com/maps/place/SEMATJAM+di+Citra+6/data=!4m7!3m6!1s0x2e6a02b9f59d930d:0xc0bdbb5157b11131!8m2!3d-6.1233441!4d106.7099119!16s%2Fg%2F11bw5ytwpp!19sChIJDZOd9bkCai4RMRGxV1G7vcA?authuser=0&hl=id&rclk=1
Saung bambu cafe and resto,081318237502,restaurant,restaurant in Jakarta Barat,https://www.google.com/maps/place/Saung+bambu+cafe+and+resto/data=!4m7!3m6!1s0x2e6a03e91ebf4303:0xc9862302beef09b2!8m2!3d-6.1222598!4d106.6971139!16s%2Fg%2F11sv3glljd!19sChIJA0O_HukDai4RsgnvvgIjhsk?authuser=0&hl=id&rclk=1
Pesta Rasa Nusantara - Taman Palem,081210169150,restaurant,restaurant in Jakarta Barat,https://www.google.com/maps/place/Pesta+Rasa+Nusantara+-+Taman+Palem/data=!4m7!3m6!1s0x2e6a03a8f3775601:0xfa02dde0cf03cb58!8m2!3d-6.1300807!4d106.7156319!16s%2Fg%2F11xl_bfk0r!19sChIJAVZ386gDai4RWMsDz-DdAvo?authuser=0&hl=id&rclk=1
Masakan Khas Medan Aphin 88,085105180075,restaurant,restaurant in Jakarta Barat,https://www.google.com/maps/place/Masakan+Khas+Medan+Aphin+88/data=!4m7!3m6!1s0x2e6a02a5a50ea659:0x72d84b3610538ac7!8m2!3d-6.1320783!4d106.7100047!16s%2Fg%2F11cn96w_xq!19sChIJWaYOpaUCai4Rx4pTEDZL2HI?authuser=0&hl=id&rclk=1
Pondok sambal djudez,081585022292,restaurant,restaurant in Jakarta Barat,https://www.google.com/maps/place/Pondok+sambal+djudez/data=!4m7!3m6!1s0x2e6a03570b3c84fd:0x31dabbc0927d3bc1!8m2!3d-6.1371902!4d106.7123492!16s%2Fg%2F11sbq_0b75!19sChIJ_YQ8C1cDai4RwTt9ksC72jE?authuser=0&hl=id&rclk=1
Lesehan Kehed,081285981901,restaurant,restaurant in Jakarta Barat,https://www.google.com/maps/place/Lesehan+Kehed/data=!4m7!3m6!1s0x2e69f805117aaa27:0x2c5bab230921abc9!8m2!3d-6.1476874!4d106.713529!16s%2Fg%2F11g6nj8f5n!19sChIJJ6p6EQX4aS4RyashCSOrWyw?authuser=0&hl=id&rclk=1
BAKMIE SENCINPING,081998874434,restaurant,restaurant in Jakarta Barat,https://www.google.com/maps/place/BAKMIE+SENCINPING/data=!4m7!3m6!1s0x2e69f7884efb869f:0x39a43bae55201cf2!8m2!3d-6.1228871!4d106.7070062!16s%2Fg%2F11l2x6gnm9!19sChIJn4b7Toj3aS4R8hwgVa47pDk?authuser=0&hl=id&rclk=1
Restoran Ikan chiyuba Taman Palem Lestari,085283256718,restaurant,restaurant in Jakarta Barat,https://www.google.com/maps/place/Restoran+Ikan+chiyuba+Taman+Palem+Lestari/data=!4m7!3m6!1s0x2e6a03d606a23377:0x1e1fdad8a0c81c78!8m2!3d-6.138778!4d106.7234046!16s%2Fg%2F11lmhgm2gh!19sChIJdzOiBtYDai4ReBzIoNjaHx4?authuser=0&hl=id&rclk=1
Ameng 'Medan Rasa' Chinese Food,081218662115,restaurant,restaurant in Jakarta Barat,https://www.google.com/maps/place/Ameng+%27Medan+Rasa%27+Chinese+Food/data=!4m7!3m6!1s0x2e6a02ae3919abc5:0xf3d2b6114d2b620e!8m2!3d-6.1302344!4d106.7162924!16s%2Fg%2F11f00j521b!19sChIJxasZOa4Cai4RDmIrTRG20vM?authuser=0&hl=id&rclk=1
"Totlah, Taman Palem Lestari",081399230069,restaurant,restaurant in Jakarta Barat,"https://www.google.com/maps/place/Totlah,+Taman+Palem+Lestari/data=!4m7!3m6!1s0x2e6a033bbb93d0c7:0x8625206bfbb307f6!8m2!3d-6.1264429!4d106.7060498!16s%2Fg%2F11np35yhxt!19sChIJx9CTuzsDai4R9gez-2sgJYY?authuser=0&hl=id&rclk=1"
Saung Kita Daan Mogot,081298800513,restaurant,restaurant in Jakarta Barat,https://www.google.com/maps/place/Saung+Kita+Daan+Mogot/data=!4m7!3m6!1s0x2e69f8052bd0df23:0x566c9e9c6bcfd785!8m2!3d-6.1490499!4d106.7144433!16s%2Fg%2F11f15l_wlb!19sChIJI9_QKwX4aS4RhdfPa5yebFY?authuser=0&hl=id&rclk=1
KFC Citra Garden 6,08117157069,restaurant,restaurant in Jakarta Barat,https://www.google.com/maps/place/KFC+Citra+Garden+6/data=!4m7!3m6!1s0x2e6a02b1d674d8e3:0x442232459be0d447!8m2!3d-6.128805!4d106.7150082!16s%2Fg%2F11c52nt102!19sChIJ49h01rECai4RR9Tgm0UyIkQ?authuser=0&hl=id&rclk=1
Eka Rasa,089636754157,restaurant,restaurant in Jakarta Barat,https://www.google.com/maps/place/Eka+Rasa/data=!4m7!3m6!1s0x2e69f9a282d5a6f9:0xab8aba7b61466d1d!8m2!3d-6.1334587!4d106.6972125!16s%2Fg%2F11j3vtpnsf!19sChIJ-abVgqL5aS4RHW1GYXu6iqs?authuser=0&hl=id&rclk=1
Renash Japanese Food,081314244810,restaurant,restaurant in Jakarta Barat,https://www.google.com/maps/place/Renash+Japanese+Food/data=!4m7!3m6!1s0x2e69f80eb1595da1:0xbcefab1ade58321c!8m2!3d-6.1448247!4d106.7069475!16s%2Fg%2F11c484n5qy!19sChIJoV1ZsQ74aS4RHDJY3hqr77w?authuser=0&hl=id&rclk=1
Kampung Kecil Kedoya Puri Kembangan,0817118003,restaurant,restaurant in Jakarta Barat,https://www.google.com/maps/place/Kampung+Kecil+Kedoya+Puri+Kembangan/data=!4m7!3m6!1s0x2e69f74fe0a2797d:0x9333462a59376d4f!8m2!3d-6.1804914!4d106.7570235!16s%2Fg%2F11nt88ksc2!19sChIJfXmi4E_3aS4RT203WSpGM5M?authuser=0&hl=id&rclk=1
Nagabi Resto,082116171818,restaurant,restaurant in Jakarta Barat,https://www.google.com/maps/place/Nagabi+Resto/data=!4m7!3m6!1s0x2e6a038ba7ded7eb:0x9c83bd03a8360995!8m2!3d-6.1234532!4d106.6942976!16s%2Fg%2F11stpdxn3y!19sChIJ69fep4sDai4RlQk2qAO9g5w?authuser=0&hl=id&rclk=1
Lok-Lok Sultan,087884807555,restaurant,restaurant in Jakarta Barat,https://www.google.com/maps/place/Lok-Lok+Sultan/data=!4m7!3m6!1s0x2e6a032f2f85727b:0x4c12fea3684e94be!8m2!3d-6.1301748!4d106.7162714!16s%2Fg%2F11q1lk3k40!19sChIJe3KFLy8Dai4RvpROaKP-Ekw?authuser=0&hl=id&rclk=1
Njonja Heritage,08568867899,restaurant,restaurant in Jakarta Barat,https://www.google.com/maps/place/Njonja+Heritage/data=!4m7!3m6!1s0x2e6a038f3c041a39:0xda5caa6159e7aa69!8m2!3d-6.1246771!4d106.6919693!16s%2Fg%2F11xmy09lrd!19sChIJORoEPI8Dai4RaarnWWGqXNo?authuser=0&hl=id&rclk=1
Cabe Bawang Citra 8,085892809197,restaurant,restaurant in Jakarta Barat,https://www.google.com/maps/place/Cabe+Bawang+Citra+8/data=!4m7!3m6!1s0x2e6a03002ad51361:0x513a7139651f7480!8m2!3d-6.1233431!4d106.6942383!16s%2Fg%2F11y3svxclx!19sChIJYRPVKgADai4RgHQfZTlxOlE?authuser=0&hl=id&rclk=1
Tom Yam Sapo 37,081281846010,restaurant,restaurant in Jakarta Barat,https://www.google.com/maps/place/Tom+Yam+Sapo+37/data=!4m7!3m6!1s0x2e69f813aaaaaa9d:0xecc97e94096252d3!8m2!3d-6.1432899!4d106.7068286!16s%2Fg%2F11ckw2985m!19sChIJnaqqqhP4aS4R01JiCZR-yew?authuser=0&hl=id&rclk=1
Warung Mutia,081384802025,restaurant,restaurant in Jakarta Barat,https://www.google.com/maps/place/Warung+Mutia/data=!4m7!3m6!1s0x2e69f9270b38701d:0xae45c6d68b7cafdd!8m2!3d-6.1403551!4d106.7131887!16s%2Fg%2F11smclmq0v!19sChIJHXA4Cyf5aS4R3a98i9bGRa4?authuser=0&hl=id&rclk=1
Waroeng Pa Mo,082125109277,restaurant,restaurant in Jakarta Barat,https://www.google.com/maps/place/Waroeng+Pa+Mo/data=!4m7!3m6!1s0x2e6a03ebd4bb244d:0x61b28d6edd7da13d!8m2!3d-6.1375152!4d106.7267252!16s%2Fg%2F11gnplghg7!19sChIJTSS71OsDai4RPaF93W6NsmE?authuser=0&hl=id&rclk=1
Rumah Makan MasMurni,081317975928,restaurant,restaurant in Jakarta Barat,https://www.google.com/maps/place/Rumah+Makan+MasMurni/data=!4m7!3m6!1s0x2e69f8701e6d4651:0x853895d811116eb5!8m2!3d-6.1496026!4d106.6890673!16s%2Fg%2F11dyp03_d9!19sChIJUUZtHnD4aS4RtW4REdiVOIU?authuser=0&hl=id&rclk=1
Dapur Betawi JKT,08881606236,restaurant,restaurant in Jakarta Barat,https://www.google.com/maps/place/Dapur+Betawi+JKT/data=!4m7!3m6!1s0x2e69f9d8cc2dec8d:0xa79dc87634d10eef!8m2!3d-6.1467385!4d106.7091099!16s%2Fg%2F11j7qb4jrr!19sChIJjewtzNj5aS4R7w7RNHbInac?authuser=0&hl=id&rclk=1
Food Court Green Kitchen,08121311899,restaurant,restaurant in Jakarta Barat,https://www.google.com/maps/place/Food+Court+Green+Kitchen/data=!4m7!3m6!1s0x2e69f81aa67ed6e9:0x47ab28544ff8361e!8m2!3d-6.1503587!4d106.7118092!16s%2Fg%2F11c52_wp6m!19sChIJ6dZ-phr4aS4RHjb4T1Qoq0c?authuser=0&hl=id&rclk=1
Rumah Makan Lesehan Berkah Jaya Lele Terbang,087885318540,restaurant,restaurant in Jakarta Barat,https://www.google.com/maps/place/Rumah+Makan+Lesehan+Berkah+Jaya+Lele+Terbang/data=!4m7!3m6!1s0x2e6a03ee952c6c65:0x717cca308d7ef72!8m2!3d-6.1070217!4d106.7018773!16s%2Fg%2F11jfbfllfl!19sChIJZWwsle4Dai4Rcu_XCKPMFwc?authuser=0&hl=id&rclk=1
Saung Greenville,08119333233,restaurant,restaurant in Jakarta Barat,https://www.google.com/maps/place/Saung+Greenville/data=!4m7!3m6!1s0x2e69f656d1e8baaf:0xad7d0f25750c8acd!8m2!3d-6.1694564!4d106.7700787!16s%2Fg%2F1tgm08qr!19sChIJr7ro0Vb2aS4RzYoMdSUPfa0?authuser=0&hl=id&rclk=1
Saoenk Kito Susilo,085107171790,restaurant,restaurant in Jakarta Barat,https://www.google.com/maps/place/Saoenk+Kito+Susilo/data=!4m7!3m6!1s0x2e69f64287c8599d:0x2b605167fe501107!8m2!3d-6.1656539!4d106.7932107!16s%2Fg%2F11bw46bftz!19sChIJnVnIh0L2aS4RBxFQ_mdRYCs?authuser=0&hl=id&rclk=1
Grand Marco Seafood,085172131878,restaurant,restaurant in Jakarta Barat,https://www.google.com/maps/place/Grand+Marco+Seafood/data=!4m7!3m6!1s0x2e69f652f4c3765d:0x2d29f5a333222348!8m2!3d-6.169176!4d106.773426!16s%2Fg%2F11c5rpxm4x!19sChIJXXbD9FL2aS4RSCMiM6P1KS0?authuser=0&hl=id&rclk=1
Little Red Dot - Central Park,085282141202,restaurant,restaurant in Jakarta Barat,https://www.google.com/maps/place/Little+Red+Dot+-+Central+Park/data=!4m7!3m6!1s0x2e69f75488f5ad59:0x2dd3b806df957c7a!8m2!3d-6.1773481!4d106.7915445!16s%2Fg%2F11w3f3627h!19sChIJWa31iFT3aS4RenyV3wa40y0?authuser=0&hl=id&rclk=1
Sushi Yay! - Green Garden,085183133472,restaurant,restaurant in Jakarta Barat,https://www.google.com/maps/place/Sushi+Yay!+-+Green+Garden/data=!4m7!3m6!1s0x2e69f719590882b3:0xdf90da993a8a757b!8m2!3d-6.1666216!4d106.7630119!16s%2Fg%2F11wfgrqwj0!19sChIJs4IIWRn3aS4Re3WKOpnakN8?authuser=0&hl=id&rclk=1
Cafe Ca Ma Cam,08561011888,restaurant,restaurant in Jakarta Barat,https://www.google.com/maps/place/Cafe+Ca+Ma+Cam/data=!4m7!3m6!1s0x2e6a03c0c9b309bf:0x31074d9e3bbabff1!8m2!3d-6.1229669!4d106.7101631!16s%2Fg%2F11qm638wn1!19sChIJvwmzycADai4R8b-6O55NBzE?authuser=0&hl=id&rclk=1
Warteg sari asih,087768887667,restaurant,restaurant in Jakarta Barat,https://www.google.com/maps/place/Warteg+sari+asih/data=!4m7!3m6!1s0x2e69f7b18b792ce3:0xd4bb546ca1dfa556!8m2!3d-6.167218!4d106.7643284!16s%2Fg%2F11cn6d_5p6!19sChIJ4yx5i7H3aS4RVqXfoWxUu9Q?authuser=0&hl=id&rclk=1
BALLEBAT,081370723780,restaurant,restaurant in Jakarta Barat,https://www.google.com/maps/place/BALLEBAT/data=!4m7!3m6!1s0x2e6a03140bca919d:0x87abb71ec7b5a649!8m2!3d-6.1333324!4d106.7126364!16s%2Fg%2F11j_sjtqhb!19sChIJnZHKCxQDai4RSaa1xx63q4c?authuser=0&hl=id&rclk=1
Mangiamoo Bistro & Gelato,08119563588,restaurant,restaurant in Jakarta Barat,https://www.google.com/maps/place/Mangiamoo+Bistro+%26+Gelato/data=!4m7!3m6!1s0x2e69f79a6a5c2fcb:0x9c6aca8c84bfa297!8m2!3d-6.1910412!4d106.7681326!16s%2Fg%2F11m2_3zkdb!19sChIJyy9capr3aS4Rl6K_hIzKapw?authuser=0&hl=id&rclk=1
KFC Daan Mogot,08117157053,restaurant,restaurant in Jakarta Barat,https://www.google.com/maps/place/KFC+Daan+Mogot/data=!4m7!3m6!1s0x2e69f86eac64b397:0xc78a95781617ad59!8m2!3d-6.162924!4d106.7730028!16s%2Fg%2F1hm5d8pwy!19sChIJl7NkrG74aS4RWa0XFniVisc?authuser=0&hl=id&rclk=1
Reset Coffee - Green Garden,087821879887,restaurant,restaurant in Jakarta Barat,https://www.google.com/maps/place/Reset+Coffee+-+Green+Garden/data=!4m7!3m6!1s0x2e69f70005432f0b:0xefbbf24b4b2c5d83!8m2!3d-6.1656713!4d106.7622002!16s%2Fg%2F11wtf03r5c!19sChIJCy9DBQD3aS4Rg10sS0vyu-8?authuser=0&hl=id&rclk=1
Iseul Barbershop,08559994333,barbershop,barbershop in Jakarta Barat,https://www.google.com/maps/place/Iseul+Barbershop/data=!4m7!3m6!1s0x2e6a03c23f8bf663:0x99482a73350152a1!8m2!3d-6.1254054!4d106.7117893!16s%2Fg%2F11lqj2drxl!19sChIJY_aLP8IDai4RoVIBNXMqSJk?authuser=0&hl=id&rclk=1
Beyond Premium Barbershop,082310287965,barbershop,barbershop in Jakarta Barat,https://www.google.com/maps/place/Beyond+Premium+Barbershop/data=!4m7!3m6!1s0x2e6a03896587d3a7:0x5161f05d5c971fab!8m2!3d-6.1235873!4d106.7100996!16s%2Fg%2F11yr99qdj_!19sChIJp9OHZYkDai4Rqx-XXF3wYVE?authuser=0&hl=id&rclk=1
BAGUS BARBERSHOP cabang taman surya,081808522775,barbershop,barbershop in Jakarta Barat,https://www.google.com/maps/place/BAGUS+BARBERSHOP+cabang+taman+surya/data=!4m7!3m6!1s0x2e6a032a20216b69:0x3a693a118c483db4!8m2!3d-6.1294565!4d106.7037304!16s%2Fg%2F11qq9hzbvw!19sChIJaWshICoDai4RtD1IjBE6aTo?authuser=0&hl=id&rclk=1
Barberhive,081806059090,barbershop,barbershop in Jakarta Barat,https://www.google.com/maps/place/Barberhive/data=!4m7!3m6!1s0x2e6a02ac183ede6d:0x19687fe0d153bdda!8m2!3d-6.1326829!4d106.7182999!16s%2Fg%2F11c0y109sj!19sChIJbd4-GKwCai4R2r1T0eB_aBk?authuser=0&hl=id&rclk=1
Tux Barbershop Citra Garden,081262971886,barbershop,barbershop in Jakarta Barat,https://www.google.com/maps/place/Tux+Barbershop+Citra+Garden/data=!4m7!3m6!1s0x2e6a0305e3a750cf:0xed936484f7aa4a77!8m2!3d-6.1209296!4d106.704619!16s%2Fg%2F11tsts2j7s!19sChIJz1Cn4wUDai4Rd0qq94Rkk-0?authuser=0&hl=id&rclk=1
Boyzone Barbershop - Taman Surya,081282167005,barbershop,barbershop in Jakarta Barat,https://www.google.com/maps/place/Boyzone+Barbershop+-+Taman+Surya/data=!4m7!3m6!1s0x2e6a0308c3c4cea1:0x99ce233faa30f5fa!8m2!3d-6.1342891!4d106.7167748!16s%2Fg%2F11p5rdty03!19sChIJoc7EwwgDai4R-vUwqj8jzpk?authuser=0&hl=id&rclk=1
CROWN BARBER SHOP,081394399888,barbershop,barbershop in Jakarta Barat,https://www.google.com/maps/place/CROWN+BARBER+SHOP/data=!4m7!3m6!1s0x2e6a02aea58b0ea5:0xbc4ceacf91231184!8m2!3d-6.1333967!4d106.7169531!16s%2Fg%2F11hbr5vl41!19sChIJpQ6Lpa4Cai4RhBEjkc_qTLw?authuser=0&hl=id&rclk=1
BAGUS BARBERSHOP cabang menceng,081227206963,barbershop,barbershop in Jakarta Barat,https://www.google.com/maps/place/BAGUS+BARBERSHOP+cabang+menceng/data=!4m7!3m6!1s0x2e6a1df027b958f7:0x5bd8f34e6da234a7!8m2!3d-6.1272116!4d106.7250314!16s%2Fg%2F11tjc4ny9r!19sChIJ91i5J_Adai4RpzSibU7z2Fs?authuser=0&hl=id&rclk=1
IRASAI BARBERSHOP ( Siau Ing Music ),081314930731,barbershop,barbershop in Jakarta Barat,https://www.google.com/maps/place/IRASAI+BARBERSHOP+%28+Siau+Ing+Music+%29/data=!4m7!3m6!1s0x2e6a02abb2c9c9ab:0xd1dffe2b29b0abb5!8m2!3d-6.130475!4d106.715277!16s%2Fg%2F11f3b35bcl!19sChIJq8nJsqsCai4RtauwKSv-39E?authuser=0&hl=id&rclk=1
Camps & Co Barbershop,081330094303,barbershop,barbershop in Jakarta Barat,https://www.google.com/maps/place/Camps+%26+Co+Barbershop/data=!4m7!3m6!1s0x2e69f9051fae1b1f:0xa9ed2e7503f7d6b0!8m2!3d-6.1372724!4d106.7226975!16s%2Fg%2F11fd4qyn8d!19sChIJHxuuHwX5aS4RsNb3A3Uu7ak?authuser=0&hl=id&rclk=1
Jthebarber Barbershop Citra Garden 2,081265191722,barbershop,barbershop in Jakarta Barat,https://www.google.com/maps/place/Jthebarber+Barbershop+Citra+Garden+2/data=!4m7!3m6!1s0x2e6a03fbfd71c903:0x76c1f3ee4ebc6bf5!8m2!3d-6.1421726!4d106.7070783!16s%2Fg%2F11lds8c5ch!19sChIJA8lx_fsDai4R9Wu8Tu7zwXY?authuser=0&hl=id&rclk=1
Gunting Ganteng Barbershop,087888333951,barbershop,barbershop in Jakarta Barat,https://www.google.com/maps/place/Gunting+Ganteng+Barbershop/data=!4m7!3m6!1s0x2e6a0330f1faba15:0x54ee21bad6b0c416!8m2!3d-6.124774!4d106.7231461!16s%2Fg%2F11w1hs8r7q!19sChIJFbr68TADai4RFsSw1roh7lQ?authuser=0&hl=id&rclk=1
Captain Barbershop Daan Mogot,082123161872,barbershop,barbershop in Jakarta Barat,https://www.google.com/maps/place/Captain+Barbershop+Daan+Mogot/data=!4m7!3m6!1s0x2e69f9402a73eacf:0xbe4e64616bde9416!8m2!3d-6.1496535!4d106.7148239!16s%2Fg%2F11lnw0ly68!19sChIJz-pzKkD5aS4RFpTea2FkTr4?authuser=0&hl=id&rclk=1
D'Mens Barbershop Taman Palem,082191002012,barbershop,barbershop in Jakarta Barat,https://www.google.com/maps/place/D%27Mens+Barbershop+Taman+Palem/data=!4m7!3m6!1s0x2e6a03e09581872d:0xe0dfd0ccbf68d55c!8m2!3d-6.1348873!4d106.720467!16s%2Fg%2F11j0j__f5w!19sChIJLYeBleADai4RXNVov8zQ3-A?authuser=0&hl=id&rclk=1
Barbershop The Kush,089652951151,barbershop,barbershop in Jakarta Barat,https://www.google.com/maps/place/Barbershop+The+Kush/data=!4m7!3m6!1s0x2e6a03004a0c3785:0x93e72dd5ae19dd39!8m2!3d-6.1222745!4d106.7004546!16s%2Fg%2F11y5fsv3yv!19sChIJhTcMSgADai4ROd0ZrtUt55M?authuser=0&hl=id&rclk=1
Neshia BARBERSHOP,087877907210,barbershop,barbershop in Jakarta Barat,https://www.google.com/maps/place/Neshia+BARBERSHOP/data=!4m7!3m6!1s0x2e6a034590004003:0xb7a488a0f8d01c6a!8m2!3d-6.1092997!4d106.6991276!16s%2Fg%2F11gl64c0c4!19sChIJA0AAkEUDai4RahzQ-KCIpLc?authuser=0&hl=id&rclk=1
"""Pangkas Bukan Barbershop""",08978218166,barbershop,barbershop in Jakarta Barat,https://www.google.com/maps/place/%22Pangkas+Bukan+Barbershop%22/data=!4m7!3m6!1s0x2e6a03325322a255:0x979f5f5eb1c0403e!8m2!3d-6.1379806!4d106.7155511!16s%2Fg%2F11mzgk6n49!19sChIJVaIiUzIDai4RPkDAsV5fn5c?authuser=0&hl=id&rclk=1
Top One Barbershop,085715079029,barbershop,barbershop in Jakarta Barat,https://www.google.com/maps/place/Top+One+Barbershop/data=!4m7!3m6!1s0x2e69f96e56c0ce85:0x38b682e5179f87c!8m2!3d-6.1451678!4d106.6951423!16s%2Fg%2F11w42kspbb!19sChIJhc7AVm75aS4RfPh5US5oiwM?authuser=0&hl=id&rclk=1
BARBERTOPIA CITRA 8,081319412197,barbershop,barbershop in Jakarta Barat,https://www.google.com/maps/place/BARBERTOPIA+CITRA+8/data=!4m7!3m6!1s0x2e6a030004ea381d:0xd0622229c72ffce0!8m2!3d-6.1291853!4d106.6920211!16s%2Fg%2F11lyblb90n!19sChIJHTjqBAADai4R4PwvxykiYtA?authuser=0&hl=id&rclk=1
Depan Cermin Barbershop,081110135505,barbershop,barbershop in Jakarta Barat,https://www.google.com/maps/place/Depan+Cermin+Barbershop/data=!4m7!3m6!1s0x2e6a03732f2d7bd5:0x55a14b22b716208e!8m2!3d-6.124171!4d106.6936325!16s%2Fg%2F11yczwj7vz!19sChIJ1XstL3MDai4RjiAWtyJLoVU?authuser=0&hl=id&rclk=1
HSA Barbershop,087780851528,barbershop,barbershop in Jakarta Barat,https://www.google.com/maps/place/HSA+Barbershop/data=!4m7!3m6!1s0x2e69f9e8d2fcf1f7:0xef34f7de248eb6f5!8m2!3d-6.1402277!4d106.7026941!16s%2Fg%2F11y_hj6h4r!19sChIJ9_H80uj5aS4R9baOJN73NO8?authuser=0&hl=id&rclk=1
El Patron Barbershop,081338382909,barbershop,barbershop in Jakarta Barat,https://www.google.com/maps/place/El+Patron+Barbershop/data=!4m7!3m6!1s0x2158c7046fd2086b:0xbc05bcb69d6a67d2!8m2!3d-6.1282715!4d106.6917243!16s%2Fg%2F11ydybc624!19sChIJawjSbwTHWCER0mdqnba8Bbw?authuser=0&hl=id&rclk=1
New-Big BOS BARBERSHOP,085219161302,barbershop,barbershop in Jakarta Barat,https://www.google.com/maps/place/New-Big+BOS+BARBERSHOP/data=!4m7!3m6!1s0x2e69f900178c9ecb:0xd8e95f0d76d3835f!8m2!3d-6.1396721!4d106.7170575!16s%2Fg%2F11ydz4v59f!19sChIJy56MFwD5aS4RX4PTdg1f6dg?authuser=0&hl=id&rclk=1
Dzibran Barbershop 1 Rawa Lele,085776152318,barbershop,barbershop in Jakarta Barat,https://www.google.com/maps/place/Dzibran+Barbershop+1+Rawa+Lele/data=!4m7!3m6!1s0x2e69f99965492b97:0xbf8dae9e2c64c5ed!8m2!3d-6.1440724!4d106.6919141!16s%2Fg%2F11gl27_qck!19sChIJlytJZZn5aS4R7cVkLJ6ujb8?authuser=0&hl=id&rclk=1
AVA Barbershop,083897093838,barbershop,barbershop in Jakarta Barat,https://www.google.com/maps/place/AVA+Barbershop/data=!4m7!3m6!1s0x2e69f91b08150823:0xb61e4209700dae52!8m2!3d-6.1479707!4d106.7178044!16s%2Fg%2F11g042nq28!19sChIJIwgVCBv5aS4RUq4NcAlCHrY?authuser=0&hl=id&rclk=1
Suki Barbershop,089685106662,barbershop,barbershop in Jakarta Barat,https://www.google.com/maps/place/Suki+Barbershop/data=!4m7!3m6!1s0x2e69f90e2ac515ef:0xb1affd4c872020ae!8m2!3d-6.1407408!4d106.7050971!16s%2Fg%2F11sddtyp66!19sChIJ7xXFKg75aS4RriAgh0z9r7E?authuser=0&hl=id&rclk=1
de' NATHAN BARBERSHOP,081299353535,barbershop,barbershop in Jakarta Barat,https://www.google.com/maps/place/de%27+NATHAN+BARBERSHOP/data=!4m7!3m6!1s0x2e6a03e09bedcf61:0x28467f885330af11!8m2!3d-6.1331134!4d106.6922927!16s%2Fg%2F11frmnyv0t!19sChIJYc_tm-ADai4REa8wU4h_Rig?authuser=0&hl=id&rclk=1
Suki Barbershop,089685106662,barbershop,barbershop in Jakarta Barat,https://www.google.com/maps/place/Suki+Barbershop/data=!4m7!3m6!1s0x2e69f9e6b40ac755:0xb0e29bf162571096!8m2!3d-6.1385235!4d106.7160173!16s%2Fg%2F11vs7tvhy1!19sChIJVccKtOb5aS4RlhBXYvGb4rA?authuser=0&hl=id&rclk=1
BALI Barbershop,081776493939,barbershop,barbershop in Jakarta Barat,https://www.google.com/maps/place/BALI+Barbershop/data=!4m7!3m6!1s0x2e69f82b0125cba1:0x6145acdaee2434ea!8m2!3d-6.1774491!4d106.7202674!16s%2Fg%2F11tnwjy5jn!19sChIJocslASv4aS4R6jQk7tqsRWE?authuser=0&hl=id&rclk=1
K-one Barbershop,089630149358,barbershop,barbershop in Jakarta Barat,https://www.google.com/maps/place/K-one+Barbershop/data=!4m7!3m6!1s0x2e69f90064fcacb7:0x6e963f5af659f42b!8m2!3d-6.1421935!4d106.7074755!16s%2Fg%2F11yf6m242b!19sChIJt6z8ZAD5aS4RK_RZ9lo_lm4?authuser=0&hl=id&rclk=1
MaxDon Barbershop,082239898027,barbershop,barbershop in Jakarta Barat,https://www.google.com/maps/place/MaxDon+Barbershop/data=!4m7!3m6!1s0x2e69f9ceaba7dc3b:0x525f09dcd4ab8d48!8m2!3d-6.1399648!4d106.7212399!16s%2Fg%2F11lyc9lf9j!19sChIJO9ynq875aS4RSI2r1NwJX1I?authuser=0&hl=id&rclk=1
Cutlah Barbershop,087877897778,barbershop,barbershop in Jakarta Barat,https://www.google.com/maps/place/Cutlah+Barbershop/data=!4m7!3m6!1s0x2e6a1d1368ccd77d:0xd8940973dd2c6af8!8m2!3d-6.1355648!4d106.7327533!16s%2Fg%2F11h_5yk9f7!19sChIJfdfMaBMdai4R-Gos3XMJlNg?authuser=0&hl=id&rclk=1
Twomore Barbershop,087837120249,barbershop,barbershop in Jakarta Barat,https://www.google.com/maps/place/Twomore+Barbershop/data=!4m7!3m6!1s0x2e6a1d8c0c4106db:0x7d30bf4821f6bc80!8m2!3d-6.1352984!4d106.7496633!16s%2Fg%2F11g20g9q18!19sChIJ2wZBDIwdai4RgLz2IUi_MH0?authuser=0&hl=id&rclk=1
Panglima Barbershop,0895327943181,barbershop,barbershop in Jakarta Barat,https://www.google.com/maps/place/Panglima+Barbershop/data=!4m7!3m6!1s0x2e6a03004efdda91:0xe1468f303c34faa0!8m2!3d-6.1289207!4d106.7039642!16s%2Fg%2F11wqnxm03k!19sChIJkdr9TgADai4RoPo0PDCPRuE?authuser=0&hl=id&rclk=1
FI Barbershop City Resort,085709079190,barbershop,barbershop in Jakarta Barat,https://www.google.com/maps/place/FI+Barbershop+City+Resort/data=!4m7!3m6!1s0x2e6a1db5a37e4e35:0xad0f896af8c1113c!8m2!3d-6.1323884!4d106.7347118!16s%2Fg%2F11hy_5kkmb!19sChIJNU5-o7Udai4RPBHB-GqJD60?authuser=0&hl=id&rclk=1
Sheriff Barbershop,08562979021,barbershop,barbershop in Jakarta Barat,https://www.google.com/maps/place/Sheriff+Barbershop/data=!4m7!3m6!1s0x2e6a1d581bc4c60f:0x2b9c9af9e94c386b!8m2!3d-6.1373886!4d106.7355654!16s%2Fg%2F11df07lf41!19sChIJD8bEG1gdai4RazhM6fmanCs?authuser=0&hl=id&rclk=1
FI Barbershop Semanan 2,085709079190,barbershop,barbershop in Jakarta Barat,https://www.google.com/maps/place/FI+Barbershop+Semanan+2/data=!4m7!3m6!1s0x2e69f820a5a0ac87:0x820cbaae12e86ade!8m2!3d-6.1638796!4d106.7225134!16s%2Fg%2F11csh28pgd!19sChIJh6ygpSD4aS4R3mroEq66DII?authuser=0&hl=id&rclk=1
Abad versi Barbershop1,085692313509,barbershop,barbershop in Jakarta Barat,https://www.google.com/maps/place/Abad+versi+Barbershop1/data=!4m7!3m6!1s0x2e6a02df809e169b:0xe41682fed4709a4!8m2!3d-6.0984344!4d106.7029747!16s%2Fg%2F11d_xm706d!19sChIJmxaegN8Cai4RpAlH7S9oQQ4?authuser=0&hl=id&rclk=1
Top Boy barbershop,081293892673,barbershop,barbershop in Jakarta Barat,https://www.google.com/maps/place/Top+Boy+barbershop/data=!4m7!3m6!1s0x2e6a03d3222a9a4b:0x8aee537f58466b2f!8m2!3d-6.1259185!4d106.7234191!16s%2Fg%2F11v0td9cmv!19sChIJS5oqItMDai4RL2tGWH9T7oo?authuser=0&hl=id&rclk=1
Barber Shop Satria,083857681327,barbershop,barbershop in Jakarta Barat,https://www.google.com/maps/place/Barber+Shop+Satria/data=!4m7!3m6!1s0x2e69f8048a2e07cd:0x8c21478d2d78d792!8m2!3d-6.146851!4d106.7164026!16s%2Fg%2F11j8qdytpy!19sChIJzQcuigT4aS4Rktd4LY1HIYw?authuser=0&hl=id&rclk=1
Imi Barbershop Cabang Duri Kosambi,081384852636,barbershop,barbershop in Jakarta Barat,https://www.google.com/maps/place/Imi+Barbershop+Cabang+Duri+Kosambi/data=!4m7!3m6!1s0x2e69f7b54a2cec87:0xca67b2d7c757022!8m2!3d-6.1741943!4d106.7255728!16s%2Fg%2F11ldtywxxj!19sChIJh-wsSrX3aS4RInB1fC17pgw?authuser=0&hl=id&rclk=1
FIYU BARBERSHOP,085789041981,barbershop,barbershop in Jakarta Barat,https://www.google.com/maps/place/FIYU+BARBERSHOP/data=!4m7!3m6!1s0x2e69f700084169fb:0xdb4a36a3a1afce6e!8m2!3d-6.1607966!4d106.7524334!16s%2Fg%2F11yq57c5n8!19sChIJ-2lBCAD3aS4Rbs6voaM2Sts?authuser=0&hl=id&rclk=1
Son's Barbershop,082167898677,barbershop,barbershop in Jakarta Barat,https://www.google.com/maps/place/Son%27s+Barbershop/data=!4m7!3m6!1s0x2e69f93d1bf74233:0x21cd50f39fa9e287!8m2!3d-6.1731592!4d106.6932003!16s%2Fg%2F11ks54b2tv!19sChIJM0L3Gz35aS4Rh-Kpn_NQzSE?authuser=0&hl=id&rclk=1
KULMN BARBERSHOP SEMANAN,0895411871843,barbershop,barbershop in Jakarta Barat,https://www.google.com/maps/place/KULMN+BARBERSHOP+SEMANAN/data=!4m7!3m6!1s0x2e69f9001c006e17:0x6b39f45faa5bac69!8m2!3d-6.1755115!4d106.7030733!16s%2Fg%2F11wqvr_t76!19sChIJF24AHAD5aS4Raaxbql_0OWs?authuser=0&hl=id&rclk=1
TRUTH BARBERSHOP,08988084546,barbershop,barbershop in Jakarta Barat,https://www.google.com/maps/place/TRUTH+BARBERSHOP/data=!4m7!3m6!1s0x2e69f98a020bc14b:0xfa5a44bb557aa8a7!8m2!3d-6.1732245!4d106.6896332!16s%2Fg%2F11q2s9v378!19sChIJS8ELAor5aS4Rp6h6VbtEWvo?authuser=0&hl=id&rclk=1
Barbershop Terdekat,085707233277,barbershop,barbershop in Jakarta Barat,https://www.google.com/maps/place/Barbershop+Terdekat/data=!4m7!3m6!1s0x2e6a1d52f56a7689:0x91232e3aff741b46!8m2!3d-6.1782464!4d106.7884827!16s%2Fg%2F11jz5c6chr!19sChIJiXZq9VIdai4RRht0_zouI5E?authuser=0&hl=id&rclk=1
Barbershop Lamone,082125995993,barbershop,barbershop in Jakarta Barat,https://www.google.com/maps/place/Barbershop+Lamone/data=!4m7!3m6!1s0x2e69f7c36833464f:0x6ab495f05794a4f2!8m2!3d-6.1651103!4d106.7460505!16s%2Fg%2F11m840t_0n!19sChIJT0YzaMP3aS4R8qSUV_CVtGo?authuser=0&hl=id&rclk=1
Bow Barbershop Jelambar,081286002298,barbershop,barbershop in Jakarta Barat,https://www.google.com/maps/place/Bow+Barbershop+Jelambar/data=!4m7!3m6!1s0x2e69f7a08e6dde01:0x77b45e52dd04d9ba!8m2!3d-6.154821!4d106.7885187!16s%2Fg%2F11tsv053fj!19sChIJAd5tjqD3aS4RutkE3VJetHc?authuser=0&hl=id&rclk=1
Pangkas Rambut Favorit Barbershop,081317660008,barbershop,barbershop in Jakarta Barat,https://www.google.com/maps/place/Pangkas+Rambut+Favorit+Barbershop/data=!4m7!3m6!1s0x2e69f83f07dce20d:0x8d7bc84a238975e9!8m2!3d-6.1620229!4d106.7025451!16s%2Fg%2F11h_82krlr!19sChIJDeLcBz_4aS4R6XWJI0rIe40?authuser=0&hl=id&rclk=1
Double R barbershop,083124868919,barbershop,barbershop in Jakarta Barat,https://www.google.com/maps/place/Double+R+barbershop/data=!4m7!3m6!1s0x2e69f9e5573f50df:0x93156691e7e0904e!8m2!3d-6.1456119!4d106.7133959!16s%2Fg%2F11svm8y_p8!19sChIJ31A_V-X5aS4RTpDg55FmFZM?authuser=0&hl=id&rclk=1
J Cuts Barbershop Jelambar,081770707077,barbershop,barbershop in Jakarta Barat,https://www.google.com/maps/place/J+Cuts+Barbershop+Jelambar/data=!4m7!3m6!1s0x2e69f75b0c31d8d3:0xe5c65d9963e6d51f!8m2!3d-6.146455!4d106.7832017!16s%2Fg%2F11vk8bd3b5!19sChIJ09gxDFv3aS4RH9XmY5ldxuU?authuser=0&hl=id&rclk=1
Maximus Barbershop And Coffee,081617229999,barbershop,barbershop in Jakarta Barat,https://www.google.com/maps/place/Maximus+Barbershop+And+Coffee/data=!4m7!3m6!1s0x2e69f659eda9e159:0x9aded353e9a4fa9b!8m2!3d-6.173385!4d106.7838287!16s%2Fg%2F11g9dvsxvy!19sChIJWeGp7Vn2aS4Rm_qk6VPT3po?authuser=0&hl=id&rclk=1
BLOC BARBER,08119000208,barbershop,barbershop in Jakarta Barat,https://www.google.com/maps/place/BLOC+BARBER/data=!4m7!3m6!1s0x2e6a031465ac17b7:0x687cfd83ccd9d94a!8m2!3d-6.177019!4d106.78866!16s%2Fg%2F11t7t24ktd!19sChIJtxesZRQDai4RStnZzIP9fGg?authuser=0&hl=id&rclk=1
Reffel Professional Salon,08118988024,salon,salon in Jakarta Barat,https://www.google.com/maps/place/Reffel+Professional+Salon/data=!4m7!3m6!1s0x2e6a02ba1ed7c293:0x7d9b24be1f4498ea!8m2!3d-6.1262171!4d106.7124414!16s%2Fg%2F11bwh5tcf1!19sChIJk8LXHroCai4R6phEH74km30?authuser=0&hl=id&rclk=1
New Jeonju salon,082188887810,salon,salon in Jakarta Barat,https://www.google.com/maps/place/New+Jeonju+salon/data=!4m7!3m6!1s0x2e6a0347abb61115:0xc242dd59a1c47345!8m2!3d-6.1242881!4d106.7107109!16s%2Fg%2F11mzc4rcj7!19sChIJFRG2q0cDai4RRXPEoVndQsI?authuser=0&hl=id&rclk=1
eicH Salon Citra Garden 6,082277778699,salon,salon in Jakarta Barat,https://www.google.com/maps/place/eicH+Salon+Citra+Garden+6/data=!4m7!3m6!1s0x2e6a037177dc3f67:0x8d52456974cf8209!8m2!3d-6.1246951!4d106.7104977!16s%2Fg%2F11xlnxwkd_!19sChIJZz_cd3EDai4RCYLPdGlFUo0?authuser=0&hl=id&rclk=1
D'MOZE Salon Taman Palem,082310022707,salon,salon in Jakarta Barat,https://www.google.com/maps/place/D%27MOZE+Salon+Taman+Palem/data=!4m7!3m6!1s0x2e6a03d2f579c127:0xc3e576bd8d68e440!8m2!3d-6.1300421!4d106.7156009!16s%2Fg%2F11glxnmr2c!19sChIJJ8F59dIDai4RQORojb125cM?authuser=0&hl=id&rclk=1
Mk Japanese Spa Citra 6,081266366887,salon,salon in Jakarta Barat,https://www.google.com/maps/place/Mk+Japanese+Spa+Citra+6/data=!4m7!3m6!1s0x2e6a03f5136dce0d:0x8266b0da125826a9!8m2!3d-6.1260107!4d106.7126782!16s%2Fg%2F11wk1bxcgk!19sChIJDc5tE_UDai4RqSZYEtqwZoI?authuser=0&hl=id&rclk=1
Apple Love Salon,085283830822,salon,salon in Jakarta Barat,https://www.google.com/maps/place/Apple+Love+Salon/data=!4m7!3m6!1s0x2e6a03987bc149e5:0xf1be09ba0263a05c!8m2!3d-6.1271913!4d106.7080247!16s%2Fg%2F11fd8gfjjh!19sChIJ5UnBe5gDai4RXKBjAroJvvE?authuser=0&hl=id&rclk=1
Jeonju Hair Studio Citra 6,082188887810,salon,salon in Jakarta Barat,https://www.google.com/maps/place/Jeonju+Hair+Studio+Citra+6/data=!4m7!3m6!1s0x2e6a03464d0afc61:0xd14cbbeb1204ec98!8m2!3d-6.1243539!4d106.7107576!16s%2Fg%2F11v5bzmvhm!19sChIJYfwKTUYDai4RmOwEEuu7TNE?authuser=0&hl=id&rclk=1
Vianney Beauty Salon,082123070501,salon,salon in Jakarta Barat,https://www.google.com/maps/place/Vianney+Beauty+Salon/data=!4m7!3m6!1s0x2e6a0329fa849741:0xadd038017dcb907c!8m2!3d-6.123914!4d106.7097037!16s%2Fg%2F11f7r4pgxk!19sChIJQZeE-ikDai4RfJDLfQE40K0?authuser=0&hl=id&rclk=1
VB Hair and Beauty Salon,089694008900,salon,salon in Jakarta Barat,https://www.google.com/maps/place/VB+Hair+and+Beauty+Salon/data=!4m7!3m6!1s0x2e6a0340fbffea23:0x8d3015a0ee587d90!8m2!3d-6.1364466!4d106.709214!16s%2Fg%2F11svnlcdvf!19sChIJI-r_-0ADai4RkH1Y7qAVMI0?authuser=0&hl=id&rclk=1
Linda Salon,085101660035,salon,salon in Jakarta Barat,https://www.google.com/maps/place/Linda+Salon/data=!4m7!3m6!1s0x2e6a02b7268f4d29:0xb01ace59a2d281bd!8m2!3d-6.1230372!4d106.7143082!16s%2Fg%2F11c2q8lt4c!19sChIJKU2PJrcCai4RvYHSolnOGrA?authuser=0&hl=id&rclk=1
Luxury lash&nail,081275438899,salon,salon in Jakarta Barat,https://www.google.com/maps/place/Luxury+lash%26nail/data=!4m7!3m6!1s0x2e6a035db4c5d5b1:0xac9d9513549bb4c1!8m2!3d-6.1259397!4d106.7122585!16s%2Fg%2F11scscz601!19sChIJsdXFtF0Dai4RwbSbVBOVnaw?authuser=0&hl=id&rclk=1
Salon Blow Me Taman Surya (Taman Palem),087754372977,salon,salon in Jakarta Barat,https://www.google.com/maps/place/Salon+Blow+Me+Taman+Surya+%28Taman+Palem%29/data=!4m7!3m6!1s0x2e6a02aea2305ed3:0xe037c8029c8e889a!8m2!3d-6.1328181!4d106.7170604!16s%2Fg%2F11c44ybjxx!19sChIJ014woq4Cai4RmoiOnALIN-A?authuser=0&hl=id&rclk=1
Navvi Beauty Studio,087847437788,salon,salon in Jakarta Barat,https://www.google.com/maps/place/Navvi+Beauty+Studio/data=!4m7!3m6!1s0x2e6a1def5a96097f:0xdb0d211f3e2ca600!8m2!3d-6.1367644!4d106.7125602!16s%2Fg%2F11vhsj1x2k!19sChIJfwmWWu8dai4RAKYsPh8hDds?authuser=0&hl=id&rclk=1
"Angel Salon, Tegal Alur",081290788434,salon,salon in Jakarta Barat,"https://www.google.com/maps/place/Angel+Salon,+Tegal+Alur/data=!4m7!3m6!1s0x2e6a02cf6f6271d3:0x2143e64c7d1b3b71!8m2!3d-6.1120017!4d106.7125249!16s%2Fg%2F11c565986_!19sChIJ03Fib88Cai4RcTsbfUzmQyE?authuser=0&hl=id&rclk=1"
De Cut's Hair Beauty Salon by Quanto Dayspa,085792268095,salon,salon in Jakarta Barat,https://www.google.com/maps/place/De+Cut%27s+Hair+Beauty+Salon+by+Quanto+Dayspa/data=!4m7!3m6!1s0x2e69f97512a161f3:0xd7522660fe2129c5!8m2!3d-6.1331321!4d106.6922468!16s%2Fg%2F11r4q824k2!19sChIJ82GhEnX5aS4RxSkh_mAmUtc?authuser=0&hl=id&rclk=1
Meteor Salon,081317173200,salon,salon in Jakarta Barat,https://www.google.com/maps/place/Meteor+Salon/data=!4m7!3m6!1s0x2e6a02b2ee4d641b:0xba9baf09b8849d0!8m2!3d-6.1239913!4d106.7185969!16s%2Fg%2F1pzs29t5c!19sChIJG2RN7rICai4R0EmIm_C6qQs?authuser=0&hl=id&rclk=1
Senja Wellness & Beauty Bar,085283270488,salon,salon in Jakarta Barat,https://www.google.com/maps/place/Senja+Wellness+%26+Beauty+Bar/data=!4m7!3m6!1s0x2e6a035d63b3430f:0x3c379cdc87081096!8m2!3d-6.134095!4d106.7180203!16s%2Fg%2F11w8x3g6r0!19sChIJD0OzY10Dai4RlhAIh9ycNzw?authuser=0&hl=id&rclk=1
MUTIARA SALON,089678927457,salon,salon in Jakarta Barat,https://www.google.com/maps/place/MUTIARA+SALON/data=!4m7!3m6!1s0x2e6a1d51525ddf47:0x92c49a877c7aeb32!8m2!3d-6.1328638!4d106.7298956!16s%2Fg%2F11f2w6b4d5!19sChIJR99dUlEdai4RMut6fIeaxJI?authuser=0&hl=id&rclk=1
B Studio Hair & Beauty Salon,08176540811,salon,salon in Jakarta Barat,https://www.google.com/maps/place/B+Studio+Hair+%26+Beauty+Salon/data=!4m7!3m6!1s0x2e6a03774ed2abaf:0xa5b8c58215d469f6!8m2!3d-6.130045!4d106.7070862!16s%2Fg%2F11tp370_x4!19sChIJr6vSTncDai4R9mnUFYLFuKU?authuser=0&hl=id&rclk=1
ARIEL SALON,081319929017,salon,salon in Jakarta Barat,https://www.google.com/maps/place/ARIEL+SALON/data=!4m7!3m6!1s0x2e6a02a92160a535:0xe75b0fc866292731!8m2!3d-6.1356732!4d106.7167662!16s%2Fg%2F1pzsxb8mw!19sChIJNaVgIakCai4RMScpZsgPW-c?authuser=0&hl=id&rclk=1
Longlash studio kalideres,081373319969,salon,salon in Jakarta Barat,https://www.google.com/maps/place/Longlash+studio+kalideres/data=!4m7!3m6!1s0x2e69f9e35e51ffa5:0x20915378cb0b069b!8m2!3d-6.1410315!4d106.7085849!16s%2Fg%2F11rjw2rrzz!19sChIJpf9RXuP5aS4RmwYLy3hTkSA?authuser=0&hl=id&rclk=1
Maple Leaf Salon + Spa,08158888983,salon,salon in Jakarta Barat,https://www.google.com/maps/place/Maple+Leaf+Salon+%2B+Spa/data=!4m7!3m6!1s0x2e6a02a4fdfe0499:0x205284012fd61781!8m2!3d-6.1312062!4d106.7081874!16s%2Fg%2F1pzrdnjvl!19sChIJmQT-_aQCai4RgRfWLwGEUiA?authuser=0&hl=id&rclk=1
E' ve Salon and Nail,0895414333713,salon,salon in Jakarta Barat,https://www.google.com/maps/place/E%27+ve+Salon+and+Nail/data=!4m7!3m6!1s0x2e6a02aaae2e6f49:0x4ce106f93eac799!8m2!3d-6.1383306!4d106.7230086!16s%2Fg%2F11dxql59b6!19sChIJSW8urqoCai4Rmcfqk28QzgQ?authuser=0&hl=id&rclk=1
Lilyang Salon,081806489175,salon,salon in Jakarta Barat,https://www.google.com/maps/place/Lilyang+Salon/data=!4m7!3m6!1s0x2e6a02b667150763:0x3022211e4cf31635!8m2!3d-6.1207073!4d106.7160661!16s%2Fg%2F11g8vw9h04!19sChIJYwcVZ7YCai4RNRbzTB4hIjA?authuser=0&hl=id&rclk=1
Everlashthing Citra 6,085755655683,salon,salon in Jakarta Barat,https://www.google.com/maps/place/Everlashthing+Citra+6/data=!4m7!3m6!1s0x2e6a031bed89fc83:0x839c279479ba82f5!8m2!3d-6.1241361!4d106.7099209!16s%2Fg%2F11svpv_bls!19sChIJg_yJ7RsDai4R9YK6eZQnnIM?authuser=0&hl=id&rclk=1
Eldora Salon,081316279365,salon,salon in Jakarta Barat,https://www.google.com/maps/place/Eldora+Salon/data=!4m7!3m6!1s0x2e6a0330b6f14353:0xc982568a59343e64!8m2!3d-6.1239946!4d106.7210915!16s%2Fg%2F11h6v0zkqw!19sChIJU0PxtjADai4RZD40WYpWgsk?authuser=0&hl=id&rclk=1
sibling beauty,087711999096,salon,salon in Jakarta Barat,https://www.google.com/maps/place/sibling+beauty/data=!4m7!3m6!1s0x2e6a03cd606f81dd:0x3bfd01de7e84af6c!8m2!3d-6.1306734!4d106.6975087!16s%2Fg%2F11stdsx_tj!19sChIJ3YFvYM0Dai4RbK-Eft4B_Ts?authuser=0&hl=id&rclk=1
ROSE🌹SALON,087744080093,salon,salon in Jakarta Barat,https://www.google.com/maps/place/ROSE%F0%9F%8C%B9SALON/data=!4m7!3m6!1s0x2e6a1d11774f3bff:0xab55b5bc7c9d93b0!8m2!3d-6.1365112!4d106.7350285!16s%2Fg%2F11kqrwz5zn!19sChIJ_ztPdxEdai4RsJOdfLy1Vas?authuser=0&hl=id&rclk=1
Metty salon,081289267441,salon,salon in Jakarta Barat,https://www.google.com/maps/place/Metty+salon/data=!4m7!3m6!1s0x2e69f80eab53fa9b:0xd62e93dae0bcb965!8m2!3d-6.1445843!4d106.7063269!16s%2Fg%2F11d_d3bxj3!19sChIJm_pTqw74aS4RZbm84NqTLtY?authuser=0&hl=id&rclk=1
Ko2h Salon,08568055041,salon,salon in Jakarta Barat,https://www.google.com/maps/place/Ko2h+Salon/data=!4m7!3m6!1s0x2e6a0314a9868d79:0x9a8b07c6c619dd2b!8m2!3d-6.1297023!4d106.7070035!16s%2Fg%2F11g24t70h3!19sChIJeY2GqRQDai4RK90ZxsYHi5o?authuser=0&hl=id&rclk=1
Lienata Beauty Care,081212907777,salon,salon in Jakarta Barat,https://www.google.com/maps/place/Lienata+Beauty+Care/data=!4m7!3m6!1s0x2e6a1d61bc8b32a9:0xa2eab7a6d77d2cb7!8m2!3d-6.1396107!4d106.7256331!16s%2Fg%2F11thr7sw4k!19sChIJqTKLvGEdai4Rtyx916a36qI?authuser=0&hl=id&rclk=1
Oui Beauty Lounge,087888839003,salon,salon in Jakarta Barat,https://www.google.com/maps/place/Oui+Beauty+Lounge/data=!4m7!3m6!1s0x605079ec054162c3:0xbf5f086be86ede3e!8m2!3d-6.1449162!4d106.700904!16s%2Fg%2F11w25r1npm!19sChIJw2JBBex5UGARPt5u6GsIX78?authuser=0&hl=id&rclk=1
Shimooka Salon Mutiara Taman Palem,08111027706,salon,salon in Jakarta Barat,https://www.google.com/maps/place/Shimooka+Salon+Mutiara+Taman+Palem/data=!4m7!3m6!1s0x2e6a1dcb7ac58adb:0x12d491bf630bbd97!8m2!3d-6.1388777!4d106.7332416!16s%2Fg%2F11yhb8x87c!19sChIJ24rFessdai4Rl70LY7-R1BI?authuser=0&hl=id&rclk=1
Regina Hair & Beauty Salon,08131814668,salon,salon in Jakarta Barat,https://www.google.com/maps/place/Regina+Hair+%26+Beauty+Salon/data=!4m7!3m6!1s0x2e6a0300224cc6b9:0x2ad893395590250c!8m2!3d-6.1247005!4d106.6920202!16s%2Fg%2F11yk16rcfm!19sChIJucZMIgADai4RDCWQVTmT2Co?authuser=0&hl=id&rclk=1
Salon San San 2,082210806060,salon,salon in Jakarta Barat,https://www.google.com/maps/place/Salon+San+San+2/data=!4m7!3m6!1s0x2e6a03d693f1a8fd:0x8fb4ff7f8766fb13!8m2!3d-6.1273755!4d106.7216188!16s%2Fg%2F11gxfg1sq2!19sChIJ_ajxk9YDai4RE_tmh3__tI8?authuser=0&hl=id&rclk=1
Iwan Salon ( Giok Andre Team ),082122225727,salon,salon in Jakarta Barat,https://www.google.com/maps/place/Iwan+Salon+%28+Giok+Andre+Team+%29/data=!4m7!3m6!1s0x2e69f7fd9987ca57:0xded29b5145c1be29!8m2!3d-6.1399013!4d106.7312293!16s%2Fg%2F1pzsrpwhn!19sChIJV8qHmf33aS4RKb7BRVGb0t4?authuser=0&hl=id&rclk=1
Mawar Salon,088289094617,salon,salon in Jakarta Barat,https://www.google.com/maps/place/Mawar+Salon/data=!4m7!3m6!1s0x2e6a02a3d2d57047:0xffa929d1161cd732!8m2!3d-6.1340652!4d106.7028636!16s%2Fg%2F11bxdcv3h4!19sChIJR3DV0qMCai4RMtccFtEpqf8?authuser=0&hl=id&rclk=1
A & S salon and spa,081219557770,salon,salon in Jakarta Barat,https://www.google.com/maps/place/A+%26+S+salon+and+spa/data=!4m7!3m6!1s0x2e69f91ffb565a85:0x5c65deb82479930b!8m2!3d-6.1486708!4d106.7044459!16s%2Fg%2F11l7z5fd2b!19sChIJhVpW-x_5aS4RC5N5JLjeZVw?authuser=0&hl=id&rclk=1
Ocha Salon,082271561578,salon,salon in Jakarta Barat,https://www.google.com/maps/place/Ocha+Salon/data=!4m7!3m6!1s0x2e6a03a197ee7d8f:0x1d53e16982fed48e!8m2!3d-6.1244347!4d106.7147497!16s%2Fg%2F11jykfc024!19sChIJj33ul6EDai4RjtT-gmnhUx0?authuser=0&hl=id&rclk=1
Tatee Salon & Makeup Gallery,082277281953,salon,salon in Jakarta Barat,https://www.google.com/maps/place/Tatee+Salon+%26+Makeup+Gallery/data=!4m7!3m6!1s0x2e69f756fb09349f:0xd65ee931c38c1c11!8m2!3d-6.1397989!4d106.7332548!16s%2Fg%2F11wg7qgnht!19sChIJnzQJ-1b3aS4RERyMwzHpXtY?authuser=0&hl=id&rclk=1
Firza beauty salon,085892966548,salon,salon in Jakarta Barat,https://www.google.com/maps/place/Firza+beauty+salon/data=!4m7!3m6!1s0x2e6a1d00794ad543:0xa4031fc00aca877f!8m2!3d-6.1161613!4d106.7262605!16s%2Fg%2F11xccyw9kp!19sChIJQ9VKeQAdai4Rf4fKCsAfA6Q?authuser=0&hl=id&rclk=1
Dwiky salon. Hair & beauty,089637071509,salon,salon in Jakarta Barat,https://www.google.com/maps/place/Dwiky+salon.+Hair+%26+beauty/data=!4m7!3m6!1s0x2e69f876ebf52891:0x5a196a70d413b755!8m2!3d-6.1434599!4d106.6921055!16s%2Fg%2F11b6cspkg6!19sChIJkSj163b4aS4RVbcT1HBqGVo?authuser=0&hl=id&rclk=1
Fafa Salon,081386427008,salon,salon in Jakarta Barat,https://www.google.com/maps/place/Fafa+Salon/data=!4m7!3m6!1s0x2e6a1d6da7193433:0x95ac41224b5a42b9!8m2!3d-6.1344682!4d106.730603!16s%2Fg%2F11f6z7plh2!19sChIJMzQZp20dai4RuUJaSyJBrJU?authuser=0&hl=id&rclk=1
PINK SALON,087883872999,salon,salon in Jakarta Barat,https://www.google.com/maps/place/PINK+SALON/data=!4m7!3m6!1s0x2e69f7f7da6d513d:0xf47c25dd0f13ae71!8m2!3d-6.1508939!4d106.7239655!16s%2Fg%2F11fxxtr1p2!19sChIJPVFt2vf3aS4Rca4TD90lfPQ?authuser=0&hl=id&rclk=1
MY BEAUTE STUDIO & SUPPLIES,085174340021,salon,salon in Jakarta Barat,https://www.google.com/maps/place/MY+BEAUTE+STUDIO+%26+SUPPLIES/data=!4m7!3m6!1s0x2e69f91cc68a1645:0x9dab9afcadc31b59!8m2!3d-6.1586115!4d106.7267298!16s%2Fg%2F11r_p84r4t!19sChIJRRaKxhz5aS4RWRvDrfyaq50?authuser=0&hl=id&rclk=1
Marelda Hair and Beauty Salon,083806946790,salon,salon in Jakarta Barat,https://www.google.com/maps/place/Marelda+Hair+and+Beauty+Salon/data=!4m7!3m6!1s0x2e69f80c88ff4643:0xddf4ed7ae5489dfd!8m2!3d-6.1451756!4d106.7024625!16s%2Fg%2F11cjj0qsjy!19sChIJQ0b_iAz4aS4R_Z1I5Xrt9N0?authuser=0&hl=id&rclk=1
Salon San San 1,082299502149,salon,salon in Jakarta Barat,https://www.google.com/maps/place/Salon+San+San+1/data=!4m7!3m6!1s0x2e6a02acb4f001c9:0x50ec38c64cbb41f4!8m2!3d-6.1326741!4d106.7233546!16s%2Fg%2F11hbpk8xrl!19sChIJyQHwtKwCai4R9EG7TMY47FA?authuser=0&hl=id&rclk=1
JJ Salon Cengkareng,085310054428,salon,salon in Jakarta Barat,https://www.google.com/maps/place/JJ+Salon+Cengkareng/data=!4m7!3m6!1s0x2e69f802f973af95:0x6446e2da18035dc4!8m2!3d-6.1469434!4d106.721058!16s%2Fg%2F11dxm0m5r2!19sChIJla9z-QL4aS4RxF0DGNriRmQ?authuser=0&hl=id&rclk=1
Queen Salon,087808493988,salon,salon in Jakarta Barat,https://www.google.com/maps/place/Queen+Salon/data=!4m7!3m6!1s0x2e69f7fd58f3d121:0xaae50ee77ab1b641!8m2!3d-6.1397967!4d106.7354312!16s%2Fg%2F11bc7mvt4v!19sChIJIdHzWP33aS4RQbaxeucO5ao?authuser=0&hl=id&rclk=1
D'MOZE Salon Tanjung Duren,085101171701,salon,salon in Jakarta Barat,https://www.google.com/maps/place/D%27MOZE+Salon+Tanjung+Duren/data=!4m7!3m6!1s0x2e69f7a0ff098381:0x4c05cc090a2553d7!8m2!3d-6.1739922!4d106.7811556!16s%2Fg%2F1hm2y7q5n!19sChIJgYMJ_6D3aS4R11MlCgnMBUw?authuser=0&hl=id&rclk=1
Makeup Hairdo Raves Salon,082123080152,salon,salon in Jakarta Barat,https://www.google.com/maps/place/Makeup+Hairdo+Raves+Salon/data=!4m7!3m6!1s0x2e69f9b332616a35:0x9c458c604aeef977!8m2!3d-6.1421034!4d106.6973116!16s%2Fg%2F11fhr0l5qd!19sChIJNWphMrP5aS4Rd_nuSmCMRZw?authuser=0&hl=id&rclk=1
AGATHA SALON PALEM,082229915162,salon,salon in Jakarta Barat,https://www.google.com/maps/place/AGATHA+SALON+PALEM/data=!4m7!3m6!1s0x69dc61566ee8945:0x23eb569acc26c4e5!8m2!3d-6.1395604!4d106.7305685!16s%2Fg%2F11l2hnlppk!19sChIJRYnuZhXGnQYR5cQmzJpW6yM?authuser=0&hl=id&rclk=1
Yola salon,081310558330,salon,salon in Jakarta Barat,https://www.google.com/maps/place/Yola+salon/data=!4m7!3m6!1s0x2e69f7960051253b:0x414f8b24399430ad!8m2!3d-6.1625295!4d106.7315157!16s%2Fg%2F11xl06x320!19sChIJOyVRAJb3aS4RrTCUOSSLT0E?authuser=0&hl=id&rclk=1
REFFEL Salon - Dutamas,08111688026,salon,salon in Jakarta Barat,https://www.google.com/maps/place/REFFEL+Salon+-+Dutamas/data=!4m7!3m6!1s0x2e69f63021de0147:0x8c754c232327ac82!8m2!3d-6.14716!4d106.7809223!16s%2Fg%2F1hm29kj39!19sChIJRwHeITD2aS4RgqwnIyNMdYw?authuser=0&hl=id&rclk=1
ERNA SALON,0895404675773,salon,salon in Jakarta Barat,https://www.google.com/maps/place/ERNA+SALON/data=!4m7!3m6!1s0x2e69f9e7cb5015c7:0xb50cb827b103f39c!8m2!3d-6.1506174!4d106.6876612!16s%2Fg%2F11fj32jlfm!19sChIJxxVQy-f5aS4RnPMDsSe4DLU?authuser=0&hl=id&rclk=1
Astri Salon,081314110902,salon,salon in Jakarta Barat,https://www.google.com/maps/place/Astri+Salon/data=!4m7!3m6!1s0x2e69f815c356c19d:0x948d15c7752109aa!8m2!3d-6.1582963!4d106.7050525!16s%2Fg%2F11b5s2bnkb!19sChIJncFWwxX4aS4RqgkhdccVjZQ?authuser=0&hl=id&rclk=1
Praktek dr. Yustini,081280456625,klinik,klinik kecantikan in Jakarta Barat,https://www.google.com/maps/place/Praktek+dr.+Yustini/data=!4m7!3m6!1s0x2e6a0300d1221c25:0x1276a84f5c4bb58!8m2!3d-6.1257092!4d106.7129124!16s%2Fg%2F11h3bnj7jz!19sChIJJRwi0QADai4RWLvE9YRqJwE?authuser=0&hl=id&rclk=1
Dermahouse Aesthetic Clinic,085281662009,klinik,klinik kecantikan in Jakarta Barat,https://www.google.com/maps/place/Dermahouse+Aesthetic+Clinic/data=!4m7!3m6!1s0x2e6a1d3a96531e67:0x680b164f649a0d3a!8m2!3d-6.1305408!4d106.7305429!16s%2Fg%2F11s1819rx5!19sChIJZx5Tljodai4ROg2aZE8WC2g?authuser=0&hl=id&rclk=1
Jiang Clinic,08119142277,klinik,klinik kecantikan in Jakarta Barat,https://www.google.com/maps/place/Jiang+Clinic/data=!4m7!3m6!1s0x2e69f7c9c8f0348b:0xc9a36e91fff0906b!8m2!3d-6.1388644!4d106.7316562!16s%2Fg%2F11h80m86b4!19sChIJizTwyMn3aS4Ra5Dw_5Fuo8k?authuser=0&hl=id&rclk=1
Ck Beauty Clinic,081290002275,klinik,klinik kecantikan in Jakarta Barat,https://www.google.com/maps/place/Ck+Beauty+Clinic/data=!4m7!3m6!1s0x2e69f7e32daa8cef:0x87e04f7054c19bb2!8m2!3d-6.141489!4d106.735448!16s%2Fg%2F11clt9p7qr!19sChIJ74yqLeP3aS4RspvBVHBP4Ic?authuser=0&hl=id&rclk=1
Perawatan Kulit Wajah,081289864046,klinik,klinik kecantikan in Jakarta Barat,https://www.google.com/maps/place/Perawatan+Kulit+Wajah/data=!4m7!3m6!1s0x2e6a02a50a9d7fff:0x8eff8e50ab6abb9e!8m2!3d-6.1315963!4d106.710057!16s%2Fg%2F1pzt7h07w!19sChIJ_3-dCqUCai4Rnrtqq1CO_44?authuser=0&hl=id&rclk=1
SZAN Clinic - Cengkareng,087884589722,klinik,klinik kecantikan in Jakarta Barat,https://www.google.com/maps/place/SZAN+Clinic+-+Cengkareng/data=!4m7!3m6!1s0x2e6a1deddf1e5efd:0x6b944869a7aa8611!8m2!3d-6.126042!4d106.7293335!16s%2Fg%2F11hz_2c5x_!19sChIJ_V4e3-0dai4REYaqp2lIlGs?authuser=0&hl=id&rclk=1
KLINIK PERMATA ADINDA PALEM LESTARI,082125925345,klinik,klinik kecantikan in Jakarta Barat,https://www.google.com/maps/place/KLINIK+PERMATA+ADINDA+PALEM+LESTARI/data=!4m7!3m6!1s0x2e6a1d9b931d3437:0xefc7059b338cf9ae!8m2!3d-6.1381633!4d106.7235078!16s%2Fg%2F11s8z56_zv!19sChIJNzQdk5sdai4RrvmMM5sFx-8?authuser=0&hl=id&rclk=1
SANNA Aesthetic Clinic,087770000871,klinik,klinik kecantikan in Jakarta Barat,https://www.google.com/maps/place/SANNA+Aesthetic+Clinic/data=!4m7!3m6!1s0x2e69f73b7fb40197:0x65e97be7e356dccb!8m2!3d-6.1307501!4d106.7335318!16s%2Fg%2F11v3ccfr8p!19sChIJlwG0fzv3aS4Ry9xW4-d76WU?authuser=0&hl=id&rclk=1
Cherish dental care,087887700077,klinik,klinik kecantikan in Jakarta Barat,https://www.google.com/maps/place/Cherish+dental+care/data=!4m7!3m6!1s0x2e6a0384f79cfc99:0xe5bcb920903823a!8m2!3d-6.1247805!4d106.7111473!16s%2Fg%2F11c1jtjdbn!19sChIJmfyc94QDai4ROoIDCZLLWw4?authuser=0&hl=id&rclk=1
Kusuma Beauty Clinic Puri Indah,082298888635,klinik,klinik kecantikan in Jakarta Barat,https://www.google.com/maps/place/Kusuma+Beauty+Clinic+Puri+Indah/data=!4m7!3m6!1s0x2e69f79e4eaa5dcd:0x87756d725254fadf!8m2!3d-6.1844902!4d106.7395664!16s%2Fg%2F11gjhn5ynv!19sChIJzV2qTp73aS4R3_pUUnJtdYc?authuser=0&hl=id&rclk=1
HAYANI MEDIKA AND AESTHETIC CENTER,081213888746,klinik,klinik kecantikan in Jakarta Barat,https://www.google.com/maps/place/HAYANI+MEDIKA+AND+AESTHETIC+CENTER/data=!4m7!3m6!1s0x2e69f948104ae657:0xe3224f8ca6300f1!8m2!3d-6.159386!4d106.7050132!16s%2Fg%2F11jv1gj34x!19sChIJV-ZKEEj5aS4R8QBjyvgkMg4?authuser=0&hl=id&rclk=1
Klinik Kecantikan Dr. Yenny,083838894057,klinik,klinik kecantikan in Jakarta Barat,https://www.google.com/maps/place/Klinik+Kecantikan+Dr.+Yenny/data=!4m7!3m6!1s0x2e6a02dab5d2e985:0x51f07fa0735a0384!8m2!3d-6.1083387!4d106.7103859!16s%2Fg%2F11c2ph996j!19sChIJhenStdoCai4RhANac6B_8FE?authuser=0&hl=id&rclk=1
sibling beauty,087711999096,klinik,klinik kecantikan in Jakarta Barat,https://www.google.com/maps/place/sibling+beauty/data=!4m7!3m6!1s0x2e6a03cd606f81dd:0x3bfd01de7e84af6c!8m2!3d-6.1306734!4d106.6975087!16s%2Fg%2F11stdsx_tj!19sChIJ3YFvYM0Dai4RbK-Eft4B_Ts?authuser=0&hl=id&rclk=1
Catra Skin Clinic,081380899961,klinik,klinik kecantikan in Jakarta Barat,https://www.google.com/maps/place/Catra+Skin+Clinic/data=!4m7!3m6!1s0x2e69f776ae19193d:0xb8160adc1294eb6!8m2!3d-6.1392416!4d106.7340314!16s%2Fg%2F11j7dsxkqj!19sChIJPRkZrnb3aS4Rtk4pwa1ggQs?authuser=0&hl=id&rclk=1
MEDIKITA Klinik & Apotek,085714334342,klinik,klinik kecantikan in Jakarta Barat,https://www.google.com/maps/place/MEDIKITA+Klinik+%26+Apotek/data=!4m7!3m6!1s0x2e6a02bc8f53f209:0x21fa6fb9f4ce4e66!8m2!3d-6.1268565!4d106.70507!16s%2Fg%2F11cmznny8l!19sChIJCfJTj7wCai4RZk7O9Llv-iE?authuser=0&hl=id&rclk=1
dR. HEN Clinic Jakarta Barat (Kebon Jeruk),081210001561,klinik,klinik kecantikan in Jakarta Barat,https://www.google.com/maps/place/dR.+HEN+Clinic+Jakarta+Barat+%28Kebon+Jeruk%29/data=!4m7!3m6!1s0x2e69f78afa872fff:0xdc8999ef86c914df!8m2!3d-6.1987881!4d106.7625885!16s%2Fg%2F11j_5wlb4b!19sChIJ_y-H-or3aS4R3xTJhu-Zidw?authuser=0&hl=id&rclk=1
Akupuntur Steven Salim,08161356932,klinik,klinik kecantikan in Jakarta Barat,https://www.google.com/maps/place/Akupuntur+Steven+Salim/data=!4m7!3m6!1s0x2e6a02a579f8c46f:0xb4cb7f483b09efa8!8m2!3d-6.1312548!4d106.7109213!16s%2Fg%2F11gfhyfsq_!19sChIJb8T4eaUCai4RqO8JO0h_y7Q?authuser=0&hl=id&rclk=1
Ariesta Dental Care Citra Garden 6,082288881223,klinik,klinik kecantikan in Jakarta Barat,https://www.google.com/maps/place/Ariesta+Dental+Care+Citra+Garden+6/data=!4m7!3m6!1s0x2e69f7aef1ae921f:0x5e49248d65d5a8f0!8m2!3d-6.1257431!4d106.711388!16s%2Fg%2F11hbkjghws!19sChIJH5Ku8a73aS4R8KjVZY0kSV4?authuser=0&hl=id&rclk=1
Nailash Studio and Academy,081295303616,klinik,klinik kecantikan in Jakarta Barat,https://www.google.com/maps/place/Nailash+Studio+and+Academy/data=!4m7!3m6!1s0x2e6a0309a967f329:0xb7c1b67f8b1eb52e!8m2!3d-6.1380414!4d106.7225178!16s%2Fg%2F11h4cwv_ng!19sChIJKfNnqQkDai4RLrUei3-2wbc?authuser=0&hl=id&rclk=1
Vez Aesthetic Clinic,081283571774,klinik,klinik kecantikan in Jakarta Barat,https://www.google.com/maps/place/Vez+Aesthetic+Clinic/data=!4m7!3m6!1s0x2e69f78b20439c77:0x30126adc59df08eb!8m2!3d-6.1641595!4d106.7255622!16s%2Fg%2F11f91qjf1l!19sChIJd5xDIIv3aS4R6wjfWdxqEjA?authuser=0&hl=id&rclk=1
Angels Beauty,08121932884,klinik,klinik kecantikan in Jakarta Barat,https://www.google.com/maps/place/Angels+Beauty/data=!4m7!3m6!1s0x2e69f789c220a7f3:0xb5cac84bff0b0a5a!8m2!3d-6.1656002!4d106.7249462!16s%2Fg%2F11bwkfv44p!19sChIJ86cgwon3aS4RWgoL_0vIyrU?authuser=0&hl=id&rclk=1
Devone Clinic: Aesthetic & Anti Aging Specialist Jakarta Barat,085888962226,klinik,klinik kecantikan in Jakarta Barat,https://www.google.com/maps/place/Devone+Clinic:+Aesthetic+%26+Anti+Aging+Specialist+Jakarta+Barat/data=!4m7!3m6!1s0x2e69f74c31021121:0xaedef7020bf4643d!8m2!3d-6.1738907!4d106.7895974!16s%2Fg%2F11fkl9pzzv!19sChIJIRECMUz3aS4RPWT0CwL33q4?authuser=0&hl=id&rclk=1
Dermio,0817891139,klinik,klinik kecantikan in Jakarta Barat,https://www.google.com/maps/place/Dermio/data=!4m7!3m6!1s0x2e69f77e8540e8b5:0xbcc5aa065b33858b!8m2!3d-6.1541679!4d106.7931697!16s%2Fg%2F11kmq4jch6!19sChIJtehAhX73aS4Ri4UzWwaqxbw?authuser=0&hl=id&rclk=1
GLOWTECH Clinic Jakarta Barat,081210001561,klinik,klinik kecantikan in Jakarta Barat,https://www.google.com/maps/place/GLOWTECH+Clinic+Jakarta+Barat/data=!4m7!3m6!1s0x2e69f708c984e52d:0x8374a34db74ac476!8m2!3d-6.1987881!4d106.7625885!16s%2Fg%2F11y8tqnpjq!19sChIJLeWEyQj3aS4RdsRKt02jdIM?authuser=0&hl=id&rclk=1
London Beauty Centre Green Mansion,08886857955,klinik,klinik kecantikan in Jakarta Barat,https://www.google.com/maps/place/London+Beauty+Centre+Green+Mansion/data=!4m7!3m6!1s0x2e69f700129954fd:0x48ad5db34b4ff801!8m2!3d-6.1579996!4d106.7649388!16s%2Fg%2F11y5h8svsm!19sChIJ_VSZEgD3aS4RAfhPS7NdrUg?authuser=0&hl=id&rclk=1
Klinik Kecantikan Jakarta Barat | YUA MEDICAL AESTHETIC CLINIC,08563206777,klinik,klinik kecantikan in Jakarta Barat,https://www.google.com/maps/place/Klinik+Kecantikan+Jakarta+Barat+%7C+YUA+MEDICAL+AESTHETIC+CLINIC/data=!4m7!3m6!1s0x2e69f7188b0d8bfb:0x2cd196a466d1efd8!8m2!3d-6.1979596!4d106.762051!16s%2Fg%2F11gfgdg66l!19sChIJ-4sNixj3aS4R2O_RZqSW0Sw?authuser=0&hl=id&rclk=1
Klinik Basmol,081231145612,klinik,klinik kecantikan in Jakarta Barat,https://www.google.com/maps/place/Klinik+Basmol/data=!4m7!3m6!1s0x2e69f77603231913:0x2155e4d081055227!8m2!3d-6.16338!4d106.7507501!16s%2Fg%2F11j12grtfz!19sChIJExkjA3b3aS4RJ1IFgdDkVSE?authuser=0&hl=id&rclk=1
Dermies Mal Ciputra Jakarta,08132055728,klinik,klinik kecantikan in Jakarta Barat,https://www.google.com/maps/place/Dermies+Mal+Ciputra+Jakarta/data=!4m7!3m6!1s0x2e69f73ea338fcaf:0x4b6392168a266182!8m2!3d-6.1681061!4d106.7867469!16s%2Fg%2F11nngy0c4r!19sChIJr_w4oz73aS4RgmEmihaSY0s?authuser=0&hl=id&rclk=1
Youth Skin by dr. Susilawaty,081574261779,klinik,klinik kecantikan in Jakarta Barat,https://www.google.com/maps/place/Youth+Skin+by+dr.+Susilawaty/data=!4m7!3m6!1s0x2e69f7c7c8813a87:0x4ceec6928c1b9ff1!8m2!3d-6.2168342!4d106.7376418!16s%2Fg%2F11g0g4m2wl!19sChIJhzqByMf3aS4R8Z8bjJLG7kw?authuser=0&hl=id&rclk=1
LVIORS LiA,082298876006,klinik,klinik kecantikan in Jakarta Barat,https://www.google.com/maps/place/LVIORS+LiA/data=!4m7!3m6!1s0x2e6a0303516433af:0x4d8538725dd4b5ed!8m2!3d-6.133874!4d106.7060562!16s%2Fg%2F11jdpcfc0f!19sChIJrzNkUQMDai4R7bXUXXI4hU0?authuser=0&hl=id&rclk=1
Bengkel mobil BARI (bodi repairs & paint),081283006666,bengkel,bengkel mobil in Jakarta Barat,https://www.google.com/maps/place/Bengkel+mobil+BARI+%28bodi+repairs+%26+paint%29/data=!4m7!3m6!1s0x2e6a03a1edeb44dd:0xb6137298390a211b!8m2!3d-6.1288039!4d106.719709!16s%2Fg%2F11h2qgfbxv!19sChIJ3UTr7aEDai4RGyEKOZhyE7Y?authuser=0&hl=id&rclk=1
Montir Mobil Panggilan 24 Jam,085772632492,bengkel,bengkel mobil in Jakarta Barat,https://www.google.com/maps/place/Montir+Mobil+Panggilan+24+Jam/data=!4m7!3m6!1s0x2e6a1dede9f04d65:0x48d294b94826e347!8m2!3d-6.1308963!4d106.7251676!16s%2Fg%2F11s53cvc6q!19sChIJZU3w6e0dai4RR-MmSLmU0kg?authuser=0&hl=id&rclk=1
Bengkel Monza Auto Service,081907051407,bengkel,bengkel mobil in Jakarta Barat,https://www.google.com/maps/place/Bengkel+Monza+Auto+Service/data=!4m7!3m6!1s0x2e6a032b679f31e5:0x8fb5aa394ce198ff!8m2!3d-6.1360068!4d106.7166099!16s%2Fg%2F11jp3x9vkk!19sChIJ5TGfZysDai4R_5jhTDmqtY8?authuser=0&hl=id&rclk=1
Edira Jaya,081381223304,bengkel,bengkel mobil in Jakarta Barat,https://www.google.com/maps/place/Edira+Jaya/data=!4m7!3m6!1s0x2e69f7d1ff9b09c7:0x4eb6760d136ef3c6!8m2!3d-6.1428516!4d106.7331433!16s%2Fg%2F11g1pp8t9b!19sChIJxwmb_9H3aS4RxvNuEw12tk4?authuser=0&hl=id&rclk=1
Bengkel panggilan 24 jam jakarta,083899354334,bengkel,bengkel mobil in Jakarta Barat,https://www.google.com/maps/place/Bengkel+panggilan+24+jam+jakarta/data=!4m7!3m6!1s0x2e6a1d9186d421ed:0xe4ab78cb944f446!8m2!3d-6.1310625!4d106.7282138!16s%2Fg%2F11y3sqr0vj!19sChIJ7SHUhpEdai4RRvREuYy3Sg4?authuser=0&hl=id&rclk=1
"Bengkel mobil panggilan jaya teknik mobil tegal alur ,jakarta barat",0881011593833,bengkel,bengkel mobil in Jakarta Barat,"https://www.google.com/maps/place/Bengkel+mobil+panggilan+jaya+teknik+mobil+tegal+alur+,jakarta+barat/data=!4m7!3m6!1s0x2e6a0300547e5fbb:0x2011a84fd2638d8d!8m2!3d-6.1073409!4d106.7113236!16s%2Fg%2F11xr_n_6ng!19sChIJu19-VAADai4RjY1j0k-oESA?authuser=0&hl=id&rclk=1"
Bengkel Mobil Bintang Jaya,089654782444,bengkel,bengkel mobil in Jakarta Barat,https://www.google.com/maps/place/Bengkel+Mobil+Bintang+Jaya/data=!4m7!3m6!1s0x2e6a1d53b5a48df5:0xd44f178c207efc0c!8m2!3d-6.1312182!4d106.727769!16s%2Fg%2F11cn77xlxq!19sChIJ9Y2ktVMdai4RDPx-IIwXT9Q?authuser=0&hl=id&rclk=1
Bengkel Mobil Berkah Jaya Bodi Repair,081290163443,bengkel,bengkel mobil in Jakarta Barat,https://www.google.com/maps/place/Bengkel+Mobil+Berkah+Jaya+Bodi+Repair/data=!4m7!3m6!1s0x2e6a1df4e9508d55:0x6516e151862e1255!8m2!3d-6.1323312!4d106.730558!16s%2Fg%2F11g0ssqssj!19sChIJVY1Q6fQdai4RVRIuhlHhFmU?authuser=0&hl=id&rclk=1
Bengkel Permata Motor,081286692468,bengkel,bengkel mobil in Jakarta Barat,https://www.google.com/maps/place/Bengkel+Permata+Motor/data=!4m7!3m6!1s0x2e6a02b7aca4aadd:0x8bf9e0b8199de9b8!8m2!3d-6.1209779!4d106.7143097!16s%2Fg%2F11hbbllf_z!19sChIJ3aqkrLcCai4RuOmdGbjg-Ys?authuser=0&hl=id&rclk=1
Bengkel Mobil Joyo Langgeng,081218283039,bengkel,bengkel mobil in Jakarta Barat,https://www.google.com/maps/place/Bengkel+Mobil+Joyo+Langgeng/data=!4m7!3m6!1s0x2e69f7d8a5e5ba2f:0x36fc7e86a6bca7bc!8m2!3d-6.1397762!4d106.7366132!16s%2Fg%2F11pw7rdwk3!19sChIJL7rlpdj3aS4RvKe8poZ-_DY?authuser=0&hl=id&rclk=1
AD Autocare | Bengkel mobil,082213897854,bengkel,bengkel mobil in Jakarta Barat,https://www.google.com/maps/place/AD+Autocare+%7C+Bengkel+mobil/data=!4m7!3m6!1s0x2e6a03ba91b67b67:0x499d8288fcaab281!8m2!3d-6.1195366!4d106.7091914!16s%2Fg%2F11jqflr379!19sChIJZ3u2kboDai4RgbKq_IiCnUk?authuser=0&hl=id&rclk=1
Player Velg N Ban Jakarta Barat,081181140792,bengkel,bengkel mobil in Jakarta Barat,https://www.google.com/maps/place/Player+Velg+N+Ban+Jakarta+Barat/data=!4m7!3m6!1s0x2e6a031d1ad8f1cf:0x2695820f1205bd85!8m2!3d-6.1326436!4d106.7113397!16s%2Fg%2F11x12v7yjz!19sChIJz_HYGh0Dai4Rhb0FEg-ClSY?authuser=0&hl=id&rclk=1
AB JAYA BATTERY,081288121190,bengkel,bengkel mobil in Jakarta Barat,https://www.google.com/maps/place/AB+JAYA+BATTERY/data=!4m7!3m6!1s0x2e6a02b126465e3d:0xdd4b4d7066a9cd65!8m2!3d-6.1245292!4d106.7148593!16s%2Fg%2F11h8848dlf!19sChIJPV5GJrECai4RZc2pZnBNS90?authuser=0&hl=id&rclk=1
Glory Jaya Motor - Bengkel Sepeda Motor,083199344799,bengkel,bengkel mobil in Jakarta Barat,https://www.google.com/maps/place/Glory+Jaya+Motor+-+Bengkel+Sepeda+Motor/data=!4m7!3m6!1s0x2e6a02b394a452f3:0xf70b27949a29050b!8m2!3d-6.1246219!4d106.7191175!16s%2Fg%2F11bbwz947y!19sChIJ81KklLMCai4RCwUpmpQnC_c?authuser=0&hl=id&rclk=1
Bengkel mobil MasRidwan,081284717389,bengkel,bengkel mobil in Jakarta Barat,https://www.google.com/maps/place/Bengkel+mobil+MasRidwan/data=!4m7!3m6!1s0x2e69f9cf031effbf:0xbcbd2c044bc3b7d2!8m2!3d-6.1453151!4d106.7091943!16s%2Fg%2F11n5tg1fvy!19sChIJv_8eA8_5aS4R0rfDSwQsvbw?authuser=0&hl=id&rclk=1
Bengkel Mobil Nissan Datsun Cak Min,08989115411,bengkel,bengkel mobil in Jakarta Barat,https://www.google.com/maps/place/Bengkel+Mobil+Nissan+Datsun+Cak+Min/data=!4m7!3m6!1s0x2e6a1dd676c7af69:0x57a7638b706fca58!8m2!3d-6.1326753!4d106.7305!16s%2Fg%2F11rj5l4b0z!19sChIJaa_HdtYdai4RWMpvcItjp1c?authuser=0&hl=id&rclk=1
Abadi Jaya Motor (Bengkel Aris),081387917116,bengkel,bengkel mobil in Jakarta Barat,https://www.google.com/maps/place/Abadi+Jaya+Motor+%28Bengkel+Aris%29/data=!4m7!3m6!1s0x2e6a0300075f1d37:0xce1686cc6f838864!8m2!3d-6.1331855!4d106.7089354!16s%2Fg%2F11yht6z_k8!19sChIJNx1fBwADai4RZIiDb8yGFs4?authuser=0&hl=id&rclk=1
MAX AUTOCAR - Paint & Body Repair (Bengkel Mobil),08129596998,bengkel,bengkel mobil in Jakarta Barat,https://www.google.com/maps/place/MAX+AUTOCAR+-+Paint+%26+Body+Repair+%28Bengkel+Mobil%29/data=!4m7!3m6!1s0x2e6a02af683afedb:0x30d76dfa1989ef7a!8m2!3d-6.1438749!4d106.7213337!16s%2Fg%2F11byx7q4xs!19sChIJ2_46aK8Cai4Reu-JGfpt1zA?authuser=0&hl=id&rclk=1
"Motoquick - Taman Surya, Jakarta Barat",082226662052,bengkel,bengkel mobil in Jakarta Barat,"https://www.google.com/maps/place/Motoquick+-+Taman+Surya,+Jakarta+Barat/data=!4m7!3m6!1s0x2e6a03f1320601ab:0xb2d87035f9f901a7!8m2!3d-6.1353787!4d106.7164497!16s%2Fg%2F11yl775fx3!19sChIJqwEGMvEDai4RpwH5-TVw2LI?authuser=0&hl=id&rclk=1"
GROGOL MOTOR NIAGA ( Bengkel Mobil & Spare Part),081384138053,bengkel,bengkel mobil in Jakarta Barat,https://www.google.com/maps/place/GROGOL+MOTOR+NIAGA+%28+Bengkel+Mobil+%26+Spare+Part%29/data=!4m7!3m6!1s0x2e69f9f3777e2fe7:0x7c6c482e8f715f1f!8m2!3d-6.15343!4d106.7176401!16s%2Fg%2F11pvg89w5v!19sChIJ5y9-d_P5aS4RH19xjy5IbHw?authuser=0&hl=id&rclk=1
Lesti motor,083899066272,bengkel,bengkel mobil in Jakarta Barat,https://www.google.com/maps/place/Lesti+motor/data=!4m7!3m6!1s0x2e6a030e9f9ab6af:0xf02b09b856127ff6!8m2!3d-6.12472!4d106.7143681!16s%2Fg%2F11s_zpvhpv!19sChIJr7aanw4Dai4R9n8SVrgJK_A?authuser=0&hl=id&rclk=1
BRIZMO Bengkel Mobil Injeksi Umum dan Nissan Datsun,081807397240,bengkel,bengkel mobil in Jakarta Barat,https://www.google.com/maps/place/BRIZMO+Bengkel+Mobil+Injeksi+Umum+dan+Nissan+Datsun/data=!4m7!3m6!1s0x2e69f99dabf4fea5:0xea057616c3ca3e53!8m2!3d-6.1448768!4d106.702614!16s%2Fg%2F11gnpx58tz!19sChIJpf70q535aS4RUz7KwxZ2Beo?authuser=0&hl=id&rclk=1
DIXZELL JAYA MOTOR,0811172659,bengkel,bengkel mobil in Jakarta Barat,https://www.google.com/maps/place/DIXZELL+JAYA+MOTOR/data=!4m7!3m6!1s0x2e6a03ff92854b0d:0x4bc47bee964860d4!8m2!3d-6.1431636!4d106.6978346!16s%2Fg%2F11t53yx30v!19sChIJDUuFkv8Dai4R1GBIlu57xEs?authuser=0&hl=id&rclk=1
"Bengkel mobil panggilan semanan, cipondoh, karang tengah, cengkareng",083861326302,bengkel,bengkel mobil in Jakarta Barat,"https://www.google.com/maps/place/Bengkel+mobil+panggilan+semanan,+cipondoh,+karang+tengah,+cengkareng/data=!4m7!3m6!1s0x2e69f9b6b9d58115:0xbe63ac621785b9ea!8m2!3d-6.1588953!4d106.70293!16s%2Fg%2F11whft1p1f!19sChIJFYHVubb5aS4R6rmFF2KsY74?authuser=0&hl=id&rclk=1"
Bengkel Mobil Rawa Kramat,085884911195,bengkel,bengkel mobil in Jakarta Barat,https://www.google.com/maps/place/Bengkel+Mobil+Rawa+Kramat/data=!4m7!3m6!1s0x2e69f7f66da7a1b9:0x782a739683ad0bf!8m2!3d-6.1534698!4d106.7250287!16s%2Fg%2F11hdb1ysfs!19sChIJuaGnbfb3aS4Rv9A6aDmnggc?authuser=0&hl=id&rclk=1
Bengkel CB RRM SPEED,085888520003,bengkel,bengkel mobil in Jakarta Barat,https://www.google.com/maps/place/Bengkel+CB+RRM+SPEED/data=!4m7!3m6!1s0x2e6a03dc7af79c57:0x2f60ba5a4f554b33!8m2!3d-6.1319664!4d106.7068559!16s%2Fg%2F11fn9fwrl5!19sChIJV5z3etwDai4RM0tVT1q6YC8?authuser=0&hl=id&rclk=1
GROGOL MOTOR PESAKIH ( Bengkel Mobil & Sparepart ),087880007421,bengkel,bengkel mobil in Jakarta Barat,https://www.google.com/maps/place/GROGOL+MOTOR+PESAKIH+%28+Bengkel+Mobil+%26+Sparepart+%29/data=!4m7!3m6!1s0x2e69f9691afd9927:0x8f710431d814d654!8m2!3d-6.153844!4d106.7165638!16s%2Fg%2F11fj_09pd4!19sChIJJ5n9Gmn5aS4RVNYU2DEEcY8?authuser=0&hl=id&rclk=1
Yus garage,0818119392,bengkel,bengkel mobil in Jakarta Barat,https://www.google.com/maps/place/Yus+garage/data=!4m7!3m6!1s0x2e6a03a6b49dd53b:0xa03742f2d926a7f!8m2!3d-6.1278707!4d106.7079499!16s%2Fg%2F11mwdtyj70!19sChIJO9WdtKYDai4Rf2qSLS90Awo?authuser=0&hl=id&rclk=1
CBU Motoshop,085693487645,bengkel,bengkel mobil in Jakarta Barat,https://www.google.com/maps/place/CBU+Motoshop/data=!4m7!3m6!1s0x2e69f83a251810b7:0xdfd1f8d04872350f!8m2!3d-6.1246843!4d106.7158283!16s%2Fg%2F11fkn10hnn!19sChIJtxAYJTr4aS4RDzVySND40d8?authuser=0&hl=id&rclk=1
Resking garage,085158299844,bengkel,bengkel mobil in Jakarta Barat,https://www.google.com/maps/place/Resking+garage/data=!4m7!3m6!1s0x2e6a033b21b5a259:0x56df2f4e49ffa0c0!8m2!3d-6.1211915!4d106.7107209!16s%2Fg%2F11gr00yf_s!19sChIJWaK1ITsDai4RwKD_SU4v31Y?authuser=0&hl=id&rclk=1
Bengkel mobil sapta motor,089601063455,bengkel,bengkel mobil in Jakarta Barat,https://www.google.com/maps/place/Bengkel+mobil+sapta+motor/data=!4m7!3m6!1s0x2e6a034acac64d5d:0xe2b7dec87a0062b!8m2!3d-6.1368934!4d106.7159354!16s%2Fg%2F11vkl14y26!19sChIJXU3GykoDai4RKwagh-x9Kw4?authuser=0&hl=id&rclk=1
YUDI JAYA AUTO,081296183144,bengkel,bengkel mobil in Jakarta Barat,https://www.google.com/maps/place/YUDI+JAYA+AUTO/data=!4m7!3m6!1s0x2e69f90064b03f65:0x42aba8afcf13233a!8m2!3d-6.1491775!4d106.7044691!16s%2Fg%2F11lf8l7dv1!19sChIJZT-wZAD5aS4ROiMTz6-oq0I?authuser=0&hl=id&rclk=1
Bengkel Mobil BOS Kavling DKI,085213015895,bengkel,bengkel mobil in Jakarta Barat,https://www.google.com/maps/place/Bengkel+Mobil+BOS+Kavling+DKI/data=!4m7!3m6!1s0x2e69f7628cc0ab73:0x592f02b17cfe9691!8m2!3d-6.1919704!4d106.7248561!16s%2Fg%2F11f3tjj3ny!19sChIJc6vAjGL3aS4RkZb-fLECL1k?authuser=0&hl=id&rclk=1
Kolay montir panggilan,081311304953,bengkel,bengkel mobil in Jakarta Barat,https://www.google.com/maps/place/Kolay+montir+panggilan/data=!4m7!3m6!1s0x2e69f9f7a3ca325b:0xceb4affce81a839d!8m2!3d-6.1438922!4d106.705232!16s%2Fg%2F11sthhhc3_!19sChIJWzLKo_f5aS4RnYMa6PyvtM4?authuser=0&hl=id&rclk=1
BENGKEL MOBIL ALIEN,082210262768,bengkel,bengkel mobil in Jakarta Barat,https://www.google.com/maps/place/BENGKEL+MOBIL+ALIEN/data=!4m7!3m6!1s0x2e6a1d31d243a7af:0x46bb91c67ead210b!8m2!3d-6.1235288!4d106.7338488!16s%2Fg%2F11hzjyjl43!19sChIJr6dD0jEdai4RCyGtfsaRu0Y?authuser=0&hl=id&rclk=1
Jaya Mega Audio,081384846435,bengkel,bengkel mobil in Jakarta Barat,https://www.google.com/maps/place/Jaya+Mega+Audio/data=!4m7!3m6!1s0x2e6a02a94f55c72d:0xccf41246cdfb577!8m2!3d-6.1351422!4d106.7165088!16s%2Fg%2F11cn18ds1k!19sChIJLcdVT6kCai4Rd7XfbCRBzww?authuser=0&hl=id&rclk=1
Bengkel Mobil Bang Ahmad,081380529420,bengkel,bengkel mobil in Jakarta Barat,https://www.google.com/maps/place/Bengkel+Mobil+Bang+Ahmad/data=!4m7!3m6!1s0x2e6a02dbf38b81d1:0x68454f6bbfca1c5!8m2!3d-6.1048454!4d106.7060073!16s%2Fg%2F11g9jnynbf!19sChIJ0YGL89sCai4RxaH8u_ZUhAY?authuser=0&hl=id&rclk=1
Bengkel knalpot kms,081310896116,bengkel,bengkel mobil in Jakarta Barat,https://www.google.com/maps/place/Bengkel+knalpot+kms/data=!4m7!3m6!1s0x2e6a030f232396cb:0xacdc43074df99bcd!8m2!3d-6.1258536!4d106.7202639!16s%2Fg%2F11jbfjf6pw!19sChIJy5YjIw8Dai4RzZv5TQdD3Kw?authuser=0&hl=id&rclk=1
Montir Panggilan,081315763747,bengkel,bengkel mobil in Jakarta Barat,https://www.google.com/maps/place/Montir+Panggilan/data=!4m7!3m6!1s0x2e69f7de4129d43f:0x2885e389dc448495!8m2!3d-6.1575795!4d106.725272!16s%2Fg%2F11hf40r0hn!19sChIJP9QpQd73aS4RlYRE3InjhSg?authuser=0&hl=id&rclk=1
Bengkel honda kencana abadi motor 1,081510183007,bengkel,bengkel mobil in Jakarta Barat,https://www.google.com/maps/place/Bengkel+honda+kencana+abadi+motor+1/data=!4m7!3m6!1s0x2e6a02c7aaaaaac7:0xb5c93d05fe3c504a!8m2!3d-6.1078828!4d106.7026757!16s%2Fg%2F11cmfyf5z4!19sChIJx6qqqscCai4RSlA8_gU9ybU?authuser=0&hl=id&rclk=1
BENGKEL MOTOR SERIKAT,081288899738,bengkel,bengkel mobil in Jakarta Barat,https://www.google.com/maps/place/BENGKEL+MOTOR+SERIKAT/data=!4m7!3m6!1s0x2e6a0398dbc927ed:0xbfb50c90fc55fa1f!8m2!3d-6.1244976!4d106.7174316!16s%2Fg%2F11wjmgqypq!19sChIJ7SfJ25gDai4RH_pV_JAMtb8?authuser=0&hl=id&rclk=1
GROGOL MOTOR AUTOMATIC (Bengkel Mobil Porsnelling Automatic),081318389415,bengkel,bengkel mobil in Jakarta Barat,https://www.google.com/maps/place/GROGOL+MOTOR+AUTOMATIC+%28Bengkel+Mobil+Porsnelling+Automatic%29/data=!4m7!3m6!1s0x2e69f94c8175cd89:0xec100af5f44d8c7a!8m2!3d-6.1540668!4d106.7161516!16s%2Fg%2F11jvcygr6w!19sChIJic11gUz5aS4ReoxN9PUKEOw?authuser=0&hl=id&rclk=1
Bengkel Mobil Dan's auto Garage,081387121123,bengkel,bengkel mobil in Jakarta Barat,https://www.google.com/maps/place/Bengkel+Mobil+Dan%27s+auto+Garage/data=!4m7!3m6!1s0x2e69f79489f750dd:0x4f6830ea514859d!8m2!3d-6.1611593!4d106.7417599!16s%2Fg%2F11f2x_ym8w!19sChIJ3VD3iZT3aS4RnYUUpQ6D9gQ?authuser=0&hl=id&rclk=1
Bengkel Mobil Cahaya Motor,081210482468,bengkel,bengkel mobil in Jakarta Barat,https://www.google.com/maps/place/Bengkel+Mobil+Cahaya+Motor/data=!4m7!3m6!1s0x2e69f829eb12a4cd:0x9657a8f922a603d4!8m2!3d-6.173447!4d106.721605!16s%2Fg%2F1hm34wjws!19sChIJzaQS6yn4aS4R1AOmIvmoV5Y?authuser=0&hl=id&rclk=1
Bengkel Mobil Online Jakarta Barat,089670870822,bengkel,bengkel mobil in Jakarta Barat,https://www.google.com/maps/place/Bengkel+Mobil+Online+Jakarta+Barat/data=!4m7!3m6!1s0x2e69f7002a8dd7ff:0xc2c53bf06fea4b85!8m2!3d-6.1403479!4d106.7559004!16s%2Fg%2F11x8dnpv33!19sChIJ_9eNKgD3aS4RhUvqb_A7xcI?authuser=0&hl=id&rclk=1
Kosambi Jaya Mobil,087884074968,bengkel,bengkel mobil in Jakarta Barat,https://www.google.com/maps/place/Kosambi+Jaya+Mobil/data=!4m7!3m6!1s0x2e69f82e14280859:0x13322781c135a0fc!8m2!3d-6.1739761!4d106.712717!16s%2Fg%2F11crzzg5k2!19sChIJWQgoFC74aS4R_KA1wYEnMhM?authuser=0&hl=id&rclk=1
"Bengkel Mobil PRATAMA MANDIRI (body repair,cat,modifikasi&aksesoris)",081319880311,bengkel,bengkel mobil in Jakarta Barat,"https://www.google.com/maps/place/Bengkel+Mobil+PRATAMA+MANDIRI+%28body+repair,cat,modifikasi%26aksesoris%29/data=!4m7!3m6!1s0x2e69f9438fc19017:0x77a33a564b7affe8!8m2!3d-6.1701157!4d106.6953798!16s%2Fg%2F11fq90yf4r!19sChIJF5DBj0P5aS4R6P96S1Y6o3c?authuser=0&hl=id&rclk=1"
"Bengkel Mobil ""MAS'UD JAYA"" (las ketok & cat duco)",081310526123,bengkel,bengkel mobil in Jakarta Barat,https://www.google.com/maps/place/Bengkel+Mobil+%22MAS%27UD+JAYA%22+%28las+ketok+%26+cat+duco%29/data=!4m7!3m6!1s0x2e6a030c3ebb8903:0xc17d639b94a28910!8m2!3d-6.0974872!4d106.7008442!16s%2Fg%2F11tf8c4v7_!19sChIJA4m7PgwDai4REImilJtjfcE?authuser=0&hl=id&rclk=1
Bengkel Jaya Mobil,089686323527,bengkel,bengkel mobil in Jakarta Barat,https://www.google.com/maps/place/Bengkel+Jaya+Mobil/data=!4m7!3m6!1s0x2e69f7e7b806438f:0x8d91a63ef72faa1f!8m2!3d-6.1464026!4d106.7452758!16s%2Fg%2F11fy985twz!19sChIJj0MGuOf3aS4RH6ov9z6mkY0?authuser=0&hl=id&rclk=1
CITRA SEPEDA,083139170878,bengkel,bengkel mobil in Jakarta Barat,https://www.google.com/maps/place/CITRA+SEPEDA/data=!4m7!3m6!1s0x2e6a02ae6c1f77dd:0x308ada104aa36413!8m2!3d-6.1302558!4d106.7162657!16s%2Fg%2F11bc7rxpvn!19sChIJ3XcfbK4Cai4RE2SjShDaijA?authuser=0&hl=id&rclk=1
Widodo Bengkel Mobil,085215962112,bengkel,bengkel mobil in Jakarta Barat,https://www.google.com/maps/place/Widodo+Bengkel+Mobil/data=!4m7!3m6!1s0x2e69f99fc63c0a35:0xc8cb28e5144ac668!8m2!3d-6.1505077!4d106.6986876!16s%2Fg%2F11y1mtnfml!19sChIJNQo8xp_5aS4RaMZKFOUoy8g?authuser=0&hl=id&rclk=1
Bengkel mobil umum,085692427937,bengkel,bengkel mobil in Jakarta Barat,https://www.google.com/maps/place/Bengkel+mobil+umum/data=!4m7!3m6!1s0x2e69f51c32300c61:0x4ac20096270ae0f!8m2!3d-6.1441662!4d106.8190323!16s%2Fg%2F11y1kft9vs!19sChIJYQwwMhz1aS4RD65wYgkgrAQ?authuser=0&hl=id&rclk=1
Bengkel mobil gaweng,089514575569,bengkel,bengkel mobil in Jakarta Barat,https://www.google.com/maps/place/Bengkel+mobil+gaweng/data=!4m7!3m6!1s0x2e69f739ab69ea5b:0x86a5d320ede8a318!8m2!3d-6.1847811!4d106.7544562!16s%2Fg%2F11h8bmfxvk!19sChIJW-ppqzn3aS4RGKPo7SDTpYY?authuser=0&hl=id&rclk=1
Mizu Laundry,081399779564,laundry,laundry in Jakarta Barat,https://www.google.com/maps/place/Mizu+Laundry/data=!4m7!3m6!1s0x2e6a0359942820d3:0x1acd25cbaaf0417d!8m2!3d-6.1315198!4d106.7117484!16s%2Fg%2F11kjmcl386!19sChIJ0yAolFkDai4RfUHwqsslzRo?authuser=0&hl=id&rclk=1
Permata laundry,085211509596,laundry,laundry in Jakarta Barat,https://www.google.com/maps/place/Permata+laundry/data=!4m7!3m6!1s0x64de1d1745182007:0xda1e95b61a2c7686!8m2!3d-6.1304037!4d106.7074659!16s%2Fg%2F11whgfkzhs!19sChIJByAYRRcd3mQRhnYsGraVHto?authuser=0&hl=id&rclk=1
Jakarta Coin Laundry,087785172996,laundry,laundry in Jakarta Barat,https://www.google.com/maps/place/Jakarta+Coin+Laundry/data=!4m7!3m6!1s0x2e6a03004366b417:0x7645609ddaee2fa0!8m2!3d-6.1214108!4d106.7160974!16s%2Fg%2F11x1kxr3pn!19sChIJF7RmQwADai4RoC_u2p1gRXY?authuser=0&hl=id&rclk=1
Kato Laundry Taman Palem,085923227111,laundry,laundry in Jakarta Barat,https://www.google.com/maps/place/Kato+Laundry+Taman+Palem/data=!4m7!3m6!1s0x2e6a034bcd41d911:0xf06b1a599ce84db2!8m2!3d-6.1327604!4d106.7107662!16s%2Fg%2F11jzptfnsg!19sChIJEdlBzUsDai4Rsk3onFkaa_A?authuser=0&hl=id&rclk=1
Randory laundry kilo jakarta barat,082211139872,laundry,laundry in Jakarta Barat,https://www.google.com/maps/place/Randory+laundry+kilo+jakarta+barat/data=!4m7!3m6!1s0x2e6a02aea222066d:0x1cccc206eb789138!8m2!3d-6.13122!4d106.7081729!16s%2Fg%2F11b_2qmd3x!19sChIJbQYioq4Cai4ROJF46wbCzBw?authuser=0&hl=id&rclk=1
Casto Laundry dan Treatment,081250004527,laundry,laundry in Jakarta Barat,https://www.google.com/maps/place/Casto+Laundry+dan+Treatment/data=!4m7!3m6!1s0x2e69f70f91904f87:0xbb0e3d390dcecff9!8m2!3d-6.1312845!4d106.7083209!16s%2Fg%2F11b7hhmg1q!19sChIJh0-QkQ_3aS4R-c_ODTk9Drs?authuser=0&hl=id&rclk=1
King-Kong Wash Citra 6,085156469938,laundry,laundry in Jakarta Barat,https://www.google.com/maps/place/King-Kong+Wash+Citra+6/data=!4m7!3m6!1s0x2e6a033407a4a7b5:0x19b99fc249df4d6b!8m2!3d-6.1239133!4d106.7103618!16s%2Fg%2F11h_5fpjkl!19sChIJtaekBzQDai4Ra03fScKfuRk?authuser=0&hl=id&rclk=1
Yellobee Laundry Pasar Laris Palm Paradise,085891277723,laundry,laundry in Jakarta Barat,https://www.google.com/maps/place/Yellobee+Laundry+Pasar+Laris+Palm+Paradise/data=!4m7!3m6!1s0x2e6a03d85a2494a3:0x6003e70f2e4d1de0!8m2!3d-6.1334428!4d106.7170227!16s%2Fg%2F11pvhl9qbr!19sChIJo5QkWtgDai4R4B1NLg_nA2A?authuser=0&hl=id&rclk=1
Blessing Laundry Express,087776600230,laundry,laundry in Jakarta Barat,https://www.google.com/maps/place/Blessing+Laundry+Express/data=!4m7!3m6!1s0x2e6a02a931883a1d:0x2c64af38933252e0!8m2!3d-6.1337841!4d106.7139699!16s%2Fg%2F11f15f5gs9!19sChIJHTqIMakCai4R4FIykzivZCw?authuser=0&hl=id&rclk=1
My Laundry,085697331288,laundry,laundry in Jakarta Barat,https://www.google.com/maps/place/My+Laundry/data=!4m7!3m6!1s0x2e6a03004da5101d:0x31d02209ee17eb5c!8m2!3d-6.1289375!4d106.7170625!16s%2Fg%2F11yxr26df9!19sChIJHRClTQADai4RXOsX7gki0DE?authuser=0&hl=id&rclk=1
Get Kleen Laundry,08179755888,laundry,laundry in Jakarta Barat,https://www.google.com/maps/place/Get+Kleen+Laundry/data=!4m7!3m6!1s0x2e6a033dbcc93949:0x3153b7b142b96be1!8m2!3d-6.1320961!4d106.7178473!16s%2Fg%2F11y1sd0rl4!19sChIJSTnJvD0Dai4R4Wu5QrG3UzE?authuser=0&hl=id&rclk=1
Bless Laundry Menceng,081316167745,laundry,laundry in Jakarta Barat,https://www.google.com/maps/place/Bless+Laundry+Menceng/data=!4m7!3m6!1s0x2e6a038a0438f4dd:0xa0185d9270839e20!8m2!3d-6.1235305!4d106.7134443!16s%2Fg%2F11sh207zr0!19sChIJ3fQ4BIoDai4RIJ6DcJJdGKA?authuser=0&hl=id&rclk=1
SuperFast LAUNDRY,081952520790,laundry,laundry in Jakarta Barat,https://www.google.com/maps/place/SuperFast+LAUNDRY/data=!4m7!3m6!1s0x2e6a030054295d23:0x5f59d3fb1109f1dd!8m2!3d-6.1260068!4d106.7200241!16s%2Fg%2F11y64znp6g!19sChIJI10pVAADai4R3fEJEfvTWV8?authuser=0&hl=id&rclk=1
My Home Laundry,08128906020,laundry,laundry in Jakarta Barat,https://www.google.com/maps/place/My+Home+Laundry/data=!4m7!3m6!1s0x2e6a03ffd174ce21:0xe7daf89bd940c736!8m2!3d-6.1272868!4d106.7077004!16s%2Fg%2F11kmpd22ch!19sChIJIc500f8Dai4RNsdA2Zv42uc?authuser=0&hl=id&rclk=1
Cemara Laundry Cuci & Gosok,089636151917,laundry,laundry in Jakarta Barat,https://www.google.com/maps/place/Cemara+Laundry+Cuci+%26+Gosok/data=!4m7!3m6!1s0x2e6a03a59f0646d9:0x61ff0d2c32ebcc88!8m2!3d-6.1222051!4d106.7153056!16s%2Fg%2F11h6d65r_w!19sChIJ2UYGn6UDai4RiMzrMiwN_2E?authuser=0&hl=id&rclk=1
Permata Laundry Dry & Cleaning,081382363293,laundry,laundry in Jakarta Barat,https://www.google.com/maps/place/Permata+Laundry+Dry+%26+Cleaning/data=!4m7!3m6!1s0x2e6a02b7ac0baf93:0x1daa5fbfa23b8a53!8m2!3d-6.121825!4d106.7131607!16s%2Fg%2F11c6mbp306!19sChIJk68LrLcCai4RU4o7or9fqh0?authuser=0&hl=id&rclk=1
VICTORY LAUNDRY EXPRESS,087776600230,laundry,laundry in Jakarta Barat,https://www.google.com/maps/place/VICTORY+LAUNDRY+EXPRESS/data=!4m7!3m6!1s0x2e6a1dcc6793c849:0x4d5caf46ca83e05e!8m2!3d-6.1260689!4d106.7238512!16s%2Fg%2F11h5528nmd!19sChIJSciTZ8wdai4RXuCDykavXE0?authuser=0&hl=id&rclk=1
Ting Tong Laundry Menceng,085283246800,laundry,laundry in Jakarta Barat,https://www.google.com/maps/place/Ting+Tong+Laundry+Menceng/data=!4m7!3m6!1s0x2e6a03006d890f15:0xbec9c59d12f51466!8m2!3d-6.1265429!4d106.7205375!16s%2Fg%2F11y5q592kz!19sChIJFQ-JbQADai4RZhT1Ep3Fyb4?authuser=0&hl=id&rclk=1
Laundry Syariah,087782404706,laundry,laundry in Jakarta Barat,https://www.google.com/maps/place/Laundry+Syariah/data=!4m7!3m6!1s0x2e6a02a4561397fd:0xa492c0232d19e42e!8m2!3d-6.1321074!4d106.7080735!16s%2Fg%2F11fy98sr49!19sChIJ_ZcTVqQCai4RLuQZLSPAkqQ?authuser=0&hl=id&rclk=1
Bong Laundry,089651608181,laundry,laundry in Jakarta Barat,https://www.google.com/maps/place/Bong+Laundry/data=!4m7!3m6!1s0x2e6a1d15bc0cdabb:0x2a34a7f7747f34a4!8m2!3d-6.1348089!4d106.7197393!16s%2Fg%2F11t40tvwpp!19sChIJu9oMvBUdai4RpDR_dPenNCo?authuser=0&hl=id&rclk=1
Ok Laundry,081389795778,laundry,laundry in Jakarta Barat,https://www.google.com/maps/place/Ok+Laundry/data=!4m7!3m6!1s0x2e6a034a0ff38a41:0xc20dfe54b47501fd!8m2!3d-6.1308656!4d106.7203731!16s%2Fg%2F11j7rhgxlb!19sChIJQYrzD0oDai4R_QF1tFT-DcI?authuser=0&hl=id&rclk=1
Blueberry Laundry,087791122529,laundry,laundry in Jakarta Barat,https://www.google.com/maps/place/Blueberry+Laundry/data=!4m7!3m6!1s0x2e6a03f8b08adab7:0x491ed04a63521a!8m2!3d-6.1249632!4d106.7178491!16s%2Fg%2F11l2m9wb5p!19sChIJt9qKsPgDai4RGlJjStAeSQA?authuser=0&hl=id&rclk=1
Faith Laundry Express,087776600230,laundry,laundry in Jakarta Barat,https://www.google.com/maps/place/Faith+Laundry+Express/data=!4m7!3m6!1s0x2e6a02be54a15a55:0xcb0d809d198ca4b5!8m2!3d-6.121818!4d106.702538!16s%2Fg%2F11rwnd2tg0!19sChIJVVqhVL4Cai4RtaSMGZ2ADcs?authuser=0&hl=id&rclk=1
d'Zahr Laundry,08179854195,laundry,laundry in Jakarta Barat,https://www.google.com/maps/place/d%27Zahr+Laundry/data=!4m7!3m6!1s0x2e6a02b25d76790d:0x79067eefc034693a!8m2!3d-6.1274384!4d106.7199162!16s%2Fg%2F11f3w1qfps!19sChIJDXl2XbICai4ROmk0wO9-Bnk?authuser=0&hl=id&rclk=1
One Laundry,082123788832,laundry,laundry in Jakarta Barat,https://www.google.com/maps/place/One+Laundry/data=!4m7!3m6!1s0x2e6a03dfdd59376f:0x8c36c996885c752b!8m2!3d-6.1250426!4d106.70573!16s%2Fg%2F11fgjmc3np!19sChIJbzdZ3d8Dai4RK3VciJbJNow?authuser=0&hl=id&rclk=1
OSI Laundry,081905528509,laundry,laundry in Jakarta Barat,https://www.google.com/maps/place/OSI+Laundry/data=!4m7!3m6!1s0x2e6a03538cf00aed:0xb6cbad7d7082d9d7!8m2!3d-6.1268339!4d106.7190732!16s%2Fg%2F11gxpf17qy!19sChIJ7QrwjFMDai4R19mCcH2ty7Y?authuser=0&hl=id&rclk=1
Jemmy laundry,0895330029224,laundry,laundry in Jakarta Barat,https://www.google.com/maps/place/Jemmy+laundry/data=!4m7!3m6!1s0x2e6a030f815639b1:0x5f6396c45a1c46e7!8m2!3d-6.1229116!4d106.7191494!16s%2Fg%2F11rpdgn63r!19sChIJsTlWgQ8Dai4R50YcWsSWY18?authuser=0&hl=id&rclk=1
Mira Laundry,081314780078,laundry,laundry in Jakarta Barat,https://www.google.com/maps/place/Mira+Laundry/data=!4m7!3m6!1s0x2e6a03a914471e59:0x3a2ced38e578a809!8m2!3d-6.1262019!4d106.7217775!16s%2Fg%2F11jp0stz4l!19sChIJWR5HFKkDai4RCah45TjtLDo?authuser=0&hl=id&rclk=1
Aero Fresh Laundry,081290905724,laundry,laundry in Jakarta Barat,https://www.google.com/maps/place/Aero+Fresh+Laundry/data=!4m7!3m6!1s0x2e6a03bb7927e9d5:0x456257eccaad9cc9!8m2!3d-6.1237181!4d106.6946271!16s%2Fg%2F11x0gvq6t5!19sChIJ1eknebsDai4RyZytyuxXYkU?authuser=0&hl=id&rclk=1
Family Laundry kiloan & Satuan,085207253422,laundry,laundry in Jakarta Barat,https://www.google.com/maps/place/Family+Laundry+kiloan+%26+Satuan/data=!4m7!3m6!1s0x2e6a03d1f91b488f:0x2307b8fcd2cb36e1!8m2!3d-6.1314222!4d106.7222781!16s%2Fg%2F11s48ftwqn!19sChIJj0gb-dEDai4R4TbL0vy4ByM?authuser=0&hl=id&rclk=1
Wijaya laundry,083891364039,laundry,laundry in Jakarta Barat,https://www.google.com/maps/place/Wijaya+laundry/data=!4m7!3m6!1s0x2e6a039fafd3477d:0x309a4edd96ad057!8m2!3d-6.118416!4d106.710044!16s%2Fg%2F11tt3yx0vg!19sChIJfUfTr58Dai4RV9Bq2e2kCQM?authuser=0&hl=id&rclk=1
Nayla Laundry Express,082139975110,laundry,laundry in Jakarta Barat,https://www.google.com/maps/place/Nayla+Laundry+Express/data=!4m7!3m6!1s0x2e6a0314cae2d539:0x51edf32df57b52ea!8m2!3d-6.126171!4d106.7220464!16s%2Fg%2F11lq7ngynd!19sChIJOdXiyhQDai4R6lJ79S3z7VE?authuser=0&hl=id&rclk=1
Rezeki Laundry,081328170899,laundry,laundry in Jakarta Barat,https://www.google.com/maps/place/Rezeki+Laundry/data=!4m7!3m6!1s0x2e6a03a054f0c85b:0xc9b0bc74e17c9d9b!8m2!3d-6.1383972!4d106.7230892!16s%2Fg%2F11s7ywxzbx!19sChIJW8jwVKADai4Rm5184XS8sMk?authuser=0&hl=id&rclk=1
Karo Laundry,082211479243,laundry,laundry in Jakarta Barat,https://www.google.com/maps/place/Karo+Laundry/data=!4m7!3m6!1s0x2e6a03996e41944d:0x905278d354494fbc!8m2!3d-6.1303219!4d106.7196889!16s%2Fg%2F11p5lkw77t!19sChIJTZRBbpkDai4RvE9JVNN4UpA?authuser=0&hl=id&rclk=1
Laundry IN,081943338228,laundry,laundry in Jakarta Barat,https://www.google.com/maps/place/Laundry+IN/data=!4m7!3m6!1s0x2e6a1df815fada01:0xb2ac295bec3dabee!8m2!3d-6.131496!4d106.721743!16s%2Fg%2F11q1qx5s_b!19sChIJAdr6Ffgdai4R7qs97FsprLI?authuser=0&hl=id&rclk=1
Do Laundry,085212100529,laundry,laundry in Jakarta Barat,https://www.google.com/maps/place/Do+Laundry/data=!4m7!3m6!1s0x2e69f9003152a2f1:0x33771d31a3a3a79a!8m2!3d-6.1386387!4d106.7048977!16s%2Fg%2F11y3mbzc56!19sChIJ8aJSMQD5aS4RmqejozEddzM?authuser=0&hl=id&rclk=1
CS Laundry,085777084845,laundry,laundry in Jakarta Barat,https://www.google.com/maps/place/CS+Laundry/data=!4m7!3m6!1s0x2e6a02b2d7b2faff:0xa4dcdc4486f5b25e!8m2!3d-6.127018!4d106.7214655!16s%2Fg%2F11cnw60p9b!19sChIJ__qy17ICai4RXrL1hkTc3KQ?authuser=0&hl=id&rclk=1
Yukade Laundry,081290369086,laundry,laundry in Jakarta Barat,https://www.google.com/maps/place/Yukade+Laundry/data=!4m7!3m6!1s0x2e69f900317df84f:0x52537787c5d3dee9!8m2!3d-6.1424542!4d106.6972188!16s%2Fg%2F11w9ycql2w!19sChIJT_h9MQD5aS4R6d7TxYd3U1I?authuser=0&hl=id&rclk=1
Atika Laundry,081398100358,laundry,laundry in Jakarta Barat,https://www.google.com/maps/place/Atika+Laundry/data=!4m7!3m6!1s0x2e6a03000fc33cfd:0xdf1e32f815e44d92!8m2!3d-6.1270535!4d106.7187696!16s%2Fg%2F11vt06x3wx!19sChIJ_TzDDwADai4Rkk3kFfgyHt8?authuser=0&hl=id&rclk=1
Uniq Laundry Express,082125030626,laundry,laundry in Jakarta Barat,https://www.google.com/maps/place/Uniq+Laundry+Express/data=!4m7!3m6!1s0x2e6a036c00037a41:0xb7fa87f043902e0f!8m2!3d-6.1129924!4d106.696063!16s%2Fg%2F11xvz7kvk2!19sChIJQXoDAGwDai4RDy6QQ_CH-rc?authuser=0&hl=id&rclk=1
Matsunoki Laundry Shoes and Apparel (Laundry Sepatu dan Tas),08192010818,laundry,laundry in Jakarta Barat,https://www.google.com/maps/place/Matsunoki+Laundry+Shoes+and+Apparel+%28Laundry+Sepatu+dan+Tas%29/data=!4m7!3m6!1s0x2e69f7dfc8915f79:0x7e99cdd9cf7a9b6d!8m2!3d-6.1270362!4d106.7045092!16s%2Fg%2F11s65_9s2h!19sChIJeV-RyN_3aS4RbZt6z9nNmX4?authuser=0&hl=id&rclk=1
Ayu Mart Laundry (Distributor Perlengkapan Laundry),085890398398,laundry,laundry in Jakarta Barat,https://www.google.com/maps/place/Ayu+Mart+Laundry+%28Distributor+Perlengkapan+Laundry%29/data=!4m7!3m6!1s0x2e6a03b147e78ae1:0x9245f0d3f52aedbf!8m2!3d-6.1298654!4d106.7060183!16s%2Fg%2F11hlq9kpfk!19sChIJ4YrnR7EDai4Rv-0q9dPwRZI?authuser=0&hl=id&rclk=1
SUKSES JAYA LAUNDRY,085774202032,laundry,laundry in Jakarta Barat,https://www.google.com/maps/place/SUKSES+JAYA+LAUNDRY/data=!4m7!3m6!1s0x2e69f92eee5a5f4f:0xfe0ff81808979f95!8m2!3d-6.1419925!4d106.722752!16s%2Fg%2F11h392p1p1!19sChIJT19a7i75aS4RlZ-XCBj4D_4?authuser=0&hl=id&rclk=1
Miracle Laundry,08156407139,laundry,laundry in Jakarta Barat,https://www.google.com/maps/place/Miracle+Laundry/data=!4m7!3m6!1s0x2e6a02c7f958d495:0xe734f97ee62dd247!8m2!3d-6.11853!4d106.7112331!16s%2Fg%2F11c6wr_jgb!19sChIJldRY-ccCai4RR9It5n75NOc?authuser=0&hl=id&rclk=1
Laundry Club City Park,085189950494,laundry,laundry in Jakarta Barat,https://www.google.com/maps/place/Laundry+Club+City+Park/data=!4m7!3m6!1s0x2e6a1d34ace0e83f:0x23797b4bed72b923!8m2!3d-6.1293684!4d106.735288!16s%2Fg%2F11xlcbkg0_!19sChIJP-jgrDQdai4RI7ly7Ut7eSM?authuser=0&hl=id&rclk=1
Hydro Laundry Citra 7,081386880909,laundry,laundry in Jakarta Barat,https://www.google.com/maps/place/Hydro+Laundry+Citra+7/data=!4m7!3m6!1s0x2e69f9dfbca98d89:0xb10f6fdd2a7e0051!8m2!3d-6.1460788!4d106.7003723!16s%2Fg%2F11vqh4tv_0!19sChIJiY2pvN_5aS4RUQB-Kt1vD7E?authuser=0&hl=id&rclk=1
MM Laundry,081280256684,laundry,laundry in Jakarta Barat,https://www.google.com/maps/place/MM+Laundry/data=!4m7!3m6!1s0x2e6a029e26905111:0x8f40a6bbfed9e5a6!8m2!3d-6.1394648!4d106.6958999!16s%2Fg%2F11fzv0tpxg!19sChIJEVGQJp4Cai4RpuXZ_rumQI8?authuser=0&hl=id&rclk=1
Laundry Antar jemput Kartika ( Rumah Laundry Kartika ),085777179970,laundry,laundry in Jakarta Barat,https://www.google.com/maps/place/Laundry+Antar+jemput+Kartika+%28+Rumah+Laundry+Kartika+%29/data=!4m7!3m6!1s0x2e69f900468787f1:0x42571d9b3ccaecbc!8m2!3d-6.1417203!4d106.7165975!16s%2Fg%2F11vsztj5ch!19sChIJ8YeHRgD5aS4RvOzKPJsdV0I?authuser=0&hl=id&rclk=1
Laundry AJA,087787343825,laundry,laundry in Jakarta Barat,https://www.google.com/maps/place/Laundry+AJA/data=!4m7!3m6!1s0x2e6a0337a010f23d:0x42fc6590b31d8229!8m2!3d-6.1402178!4d106.7171114!16s%2Fg%2F11f9_q_hpk!19sChIJPfIQoDcDai4RKYIds5Bl_EI?authuser=0&hl=id&rclk=1
Kireiwash • Kirei Wash & Beyond - Cengkareng HUB,081268886050,laundry,laundry in Jakarta Barat,https://www.google.com/maps/place/Kireiwash+%E2%80%A2+Kirei+Wash+%26+Beyond+-+Cengkareng+HUB/data=!4m7!3m6!1s0x2e6a1d001c0bc50d:0x166ab2dc3193ce4e!8m2!3d-6.1312478!4d106.7336426!16s%2Fg%2F11yfmy6nyk!19sChIJDcULHAAdai4RTs6TMdyyahY?authuser=0&hl=id&rclk=1
Mawar Super Laundry by Brm Workshop Sultan,085921751957,laundry,laundry in Jakarta Barat,https://www.google.com/maps/place/Mawar+Super+Laundry+by+Brm+Workshop+Sultan/data=!4m7!3m6!1s0x2e6a03f66ad6b239:0x2f609d8c0903777a!8m2!3d-6.1281411!4d106.7192672!16s%2Fg%2F11f60xx6z9!19sChIJObLWavYDai4RencDCYydYC8?authuser=0&hl=id&rclk=1
iOneklin Premium Shoes Laundry,083838100773,laundry,laundry in Jakarta Barat,https://www.google.com/maps/place/iOneklin+Premium+Shoes+Laundry/data=!4m7!3m6!1s0x2e6a03d986d4ee25:0x373baaaf2ae971fe!8m2!3d-6.1333076!4d106.7165611!16s%2Fg%2F11ycz458tk!19sChIJJe7UhtkDai4R_nHpKq-qOzc?authuser=0&hl=id&rclk=1
De Pink! Laundry,082110008738,laundry,laundry in Jakarta Barat,https://www.google.com/maps/place/De+Pink!+Laundry/data=!4m7!3m6!1s0x2e69f9e58c86f5b1:0xd9aaba284945b44!8m2!3d-6.1442985!4d106.6918418!16s%2Fg%2F11vy67twvg!19sChIJsfWGjOX5aS4RRFuUhKKrmg0?authuser=0&hl=id&rclk=1
Ros Laundry Expres,081285149991,laundry,laundry in Jakarta Barat,https://www.google.com/maps/place/Ros+Laundry+Expres/data=!4m7!3m6!1s0x2e6a02a3d5441295:0x64417980565c8a57!8m2!3d-6.1345042!4d106.7031369!16s%2Fg%2F11bzrj4689!19sChIJlRJE1aMCai4RV4pcVoB5QWQ?authuser=0&hl=id&rclk=1
Laundry Kiloan Sepatu dan Tas Kalideres,087885008672,laundry,laundry in Jakarta Barat,https://www.google.com/maps/place/Laundry+Kiloan+Sepatu+dan+Tas+Kalideres/data=!4m7!3m6!1s0x2e69f9bd15593b87:0xe1affbb5caa77e38!8m2!3d-6.1460579!4d106.7003856!16s%2Fg%2F11rjz2144f!19sChIJhztZFb35aS4ROH6nyrX7r-E?authuser=0&hl=id&rclk=1
GLOBAL BAKERY MENCENG,08111176522,toko,toko roti in Jakarta Barat,https://www.google.com/maps/place/GLOBAL+BAKERY+MENCENG/data=!4m7!3m6!1s0x2e6a03b7b75fdf61:0x93e39a7593aeb0f5!8m2!3d-6.1263494!4d106.7203465!16s%2Fg%2F11lgcyp79v!19sChIJYd9ft7cDai4R9bCuk3Wa45M?authuser=0&hl=id&rclk=1
3'G bakery,081210302512,toko,toko roti in Jakarta Barat,https://www.google.com/maps/place/3%27G+bakery/data=!4m7!3m6!1s0x2e6a039c83650e07:0xa6282a779f39cb2d!8m2!3d-6.1241103!4d106.7142871!16s%2Fg%2F11jf_s7f20!19sChIJBw5lg5wDai4RLcs5n3cqKKY?authuser=0&hl=id&rclk=1
Hello Bakery,081320002280,toko,toko roti in Jakarta Barat,https://www.google.com/maps/place/Hello+Bakery/data=!4m7!3m6!1s0x2e6a02ae18695fc5:0x74c4b68b1acfa799!8m2!3d-6.132863!4d106.718239!16s%2Fg%2F1pztd4fkx!19sChIJxV9pGK4Cai4RmafPGou2xHQ?authuser=0&hl=id&rclk=1
Bake a bun CITRA 3,087788699333,toko,toko roti in Jakarta Barat,https://www.google.com/maps/place/Bake+a+bun+CITRA+3/data=!4m7!3m6!1s0x2e6a0331d01267e3:0xd358efffba34e95!8m2!3d-6.1280832!4d106.708747!16s%2Fg%2F11gxp_0z66!19sChIJ42cS0DEDai4RlU6j-_-ONQ0?authuser=0&hl=id&rclk=1
Moengil Manis Menceng,081212223776,toko,toko roti in Jakarta Barat,https://www.google.com/maps/place/Moengil+Manis+Menceng/data=!4m7!3m6!1s0x2e6a03f20026500f:0x80b10affc87ab0fd!8m2!3d-6.1234164!4d106.7177972!16s%2Fg%2F11jzq08xzy!19sChIJD1AmAPIDai4R_bB6yP8KsYA?authuser=0&hl=id&rclk=1
New Bread & cake,081316103933,toko,toko roti in Jakarta Barat,https://www.google.com/maps/place/New+Bread+%26+cake/data=!4m7!3m6!1s0x2e69f71290876421:0x50c85b07c200a1d9!8m2!3d-6.141899!4d106.7227824!16s%2Fg%2F11jdmcbnbv!19sChIJIWSHkBL3aS4R2aEAwgdbyFA?authuser=0&hl=id&rclk=1
ROTI BUNCIT,082123069575,toko,toko roti in Jakarta Barat,https://www.google.com/maps/place/ROTI+BUNCIT/data=!4m7!3m6!1s0x2e6a039d4d6d04a3:0x13ea9cd44d8dc242!8m2!3d-6.1344154!4d106.7050532!16s%2Fg%2F11ppgy__ht!19sChIJowRtTZ0Dai4RQsKNTdSc6hM?authuser=0&hl=id&rclk=1
Kue Ulang Tahun Jakarta (Toko Kue Tart Ultah Anak),08882427878,toko,toko roti in Jakarta Barat,https://www.google.com/maps/place/Kue+Ulang+Tahun+Jakarta+%28Toko+Kue+Tart+Ultah+Anak%29/data=!4m7!3m6!1s0x2e6a1d4adb8c035f:0xbfe2c69feb53a11c!8m2!3d-6.5026544!4d106.9699414!16s%2Fg%2F11f5bmb8q1!19sChIJXwOM20odai4RHKFT65_G4r8?authuser=0&hl=id&rclk=1
Roti Srikaya Rubelice Taman Palem Lestari.Cengkareng.,085959592269,toko,toko roti in Jakarta Barat,https://www.google.com/maps/place/Roti+Srikaya+Rubelice+Taman+Palem+Lestari.Cengkareng./data=!4m7!3m6!1s0x2e6a039ed494bf2b:0x8d19c14310255cf3!8m2!3d-6.1365909!4d106.7167163!16s%2Fg%2F11h71dpyws!19sChIJK7-U1J4Dai4R81wlEEPBGY0?authuser=0&hl=id&rclk=1
Toko Kue Namsen Pasar laris,089650005146,toko,toko roti in Jakarta Barat,https://www.google.com/maps/place/Toko+Kue+Namsen+Pasar+laris/data=!4m7!3m6!1s0x2e6a03a2240dc4f7:0xb739fcf1a6878eea!8m2!3d-6.1374936!4d106.7128725!16s%2Fg%2F11r3dx_1sr!19sChIJ98QNJKIDai4R6o6HpvH8Obc?authuser=0&hl=id&rclk=1
Roti Whaw,08195001889,toko,toko roti in Jakarta Barat,https://www.google.com/maps/place/Roti+Whaw/data=!4m7!3m6!1s0x2e6a03bcde5107fd:0xde11f16e48acde44!8m2!3d-6.1312023!4d106.7114413!16s%2Fg%2F11x_v2gmxm!19sChIJ_QdR3rwDai4RRN6sSG7xEd4?authuser=0&hl=id&rclk=1
Jakarta Dough,081807988079,toko,toko roti in Jakarta Barat,https://www.google.com/maps/place/Jakarta+Dough/data=!4m7!3m6!1s0x2e6a035cb97b77b1:0x604bce851a98f619!8m2!3d-6.1253042!4d106.7120444!16s%2Fg%2F11jqw7jnkz!19sChIJsXd7uVwDai4RGfaYGoXOS2A?authuser=0&hl=id&rclk=1
Edelys Cake - Taman Palem,081210006683,toko,toko roti in Jakarta Barat,https://www.google.com/maps/place/Edelys+Cake+-+Taman+Palem/data=!4m7!3m6!1s0x2e6a034e76e0082d:0xb486590bd40954ec!8m2!3d-6.1326723!4d106.7183279!16s%2Fg%2F11ngjr0j8h!19sChIJLQjgdk4Dai4R7FQJ1AtZhrQ?authuser=0&hl=id&rclk=1
Toko Roti Herto Bakery,083818090549,toko,toko roti in Jakarta Barat,https://www.google.com/maps/place/Toko+Roti+Herto+Bakery/data=!4m7!3m6!1s0x2e6a0338516894e9:0x47e3b6daa1865e3f!8m2!3d-6.1281504!4d106.721836!16s%2Fg%2F11f9xsvdp0!19sChIJ6ZRoUTgDai4RP16Godq240c?authuser=0&hl=id&rclk=1
Calette Patisserie,085179582967,toko,toko roti in Jakarta Barat,https://www.google.com/maps/place/Calette+Patisserie/data=!4m7!3m6!1s0x2e69f91d607eb18d:0x9eeb110b481663!8m2!3d-6.1273222!4d106.7084473!16s%2Fg%2F11whyxz9y7!19sChIJjbF-YB35aS4RYxZICxHrngA?authuser=0&hl=id&rclk=1
Roti Salim,08176579677,toko,toko roti in Jakarta Barat,https://www.google.com/maps/place/Roti+Salim/data=!4m7!3m6!1s0x2e6a03007a4c4431:0x901e09871b62596b!8m2!3d-6.1277491!4d106.7070193!16s%2Fg%2F11vpl8238r!19sChIJMURMegADai4Ra1liG4cJHpA?authuser=0&hl=id&rclk=1
Erna Cookies,081398288869,toko,toko roti in Jakarta Barat,https://www.google.com/maps/place/Erna+Cookies/data=!4m7!3m6!1s0x2e6a0384a0b255d1:0x317c8b0941b23be2!8m2!3d-6.1378723!4d106.7026869!16s%2Fg%2F11frs2dspg!19sChIJ0VWyoIQDai4R4juyQQmLfDE?authuser=0&hl=id&rclk=1
Toko Roti Sweet Nico Bakery,085213873963,toko,toko roti in Jakarta Barat,https://www.google.com/maps/place/Toko+Roti+Sweet+Nico+Bakery/data=!4m7!3m6!1s0x2e6a03004e30d5bf:0xe81c9eec35505529!8m2!3d-6.133489!4d106.7164546!16s%2Fg%2F11vzw3zx3s!19sChIJv9UwTgADai4RKVVQNeyeHOg?authuser=0&hl=id&rclk=1
My tart,082122238988,toko,toko roti in Jakarta Barat,https://www.google.com/maps/place/My+tart/data=!4m7!3m6!1s0x2e6a0368688d33eb:0xaa8c9cbf95df2ab7!8m2!3d-6.129968!4d106.7155295!16s%2Fg%2F11sj5pq2t1!19sChIJ6zONaGgDai4Rtyrflb-cjKo?authuser=0&hl=id&rclk=1
Fuluso Kue (Vegetarian),085100029119,toko,toko roti in Jakarta Barat,https://www.google.com/maps/place/Fuluso+Kue+%28Vegetarian%29/data=!4m7!3m6!1s0x2e6a03a65041645b:0x5946557f4ac685ef!8m2!3d-6.1322063!4d106.7108413!16s%2Fg%2F11v9_99147!19sChIJW2RBUKYDai4R74XGSn9VRlk?authuser=0&hl=id&rclk=1
PABRIK ISTANA ROTI,081319449998,toko,toko roti in Jakarta Barat,https://www.google.com/maps/place/PABRIK+ISTANA+ROTI/data=!4m7!3m6!1s0x2e6a03c96f8442ff:0x13d43af31d227718!8m2!3d-6.1368086!4d106.697475!16s%2Fg%2F11j84tvd7s!19sChIJ_0KEb8kDai4RGHciHfM61BM?authuser=0&hl=id&rclk=1
Toko Roti Ropi Gaga Semanan #99,087886727279,toko,toko roti in Jakarta Barat,https://www.google.com/maps/place/Toko+Roti+Ropi+Gaga+Semanan+%2399/data=!4m7!3m6!1s0x2e69f9f5b7f45247:0x945e58af70fbcc1e!8m2!3d-6.1722333!4d106.6971709!16s%2Fg%2F11r_fxp1yk!19sChIJR1L0t_X5aS4RHsz7cK9YXpQ?authuser=0&hl=id&rclk=1
Ing-Ong Cakes & Cookies,087781081007,toko,toko roti in Jakarta Barat,https://www.google.com/maps/place/Ing-Ong+Cakes+%26+Cookies/data=!4m7!3m6!1s0x2e6a0300570020c5:0xb3b04c91c1d4c299!8m2!3d-6.1308077!4d106.7113722!16s%2Fg%2F11vz3qtnxq!19sChIJxSAAVwADai4RmcLUwZFMsLM?authuser=0&hl=id&rclk=1
black nektar kedai,081382130075,toko,toko roti in Jakarta Barat,https://www.google.com/maps/place/black+nektar+kedai/data=!4m7!3m6!1s0x2e69e9f42bc9f5fb:0xe7527851930fbd61!8m2!3d-6.1249703!4d106.7148408!16s%2Fg%2F11lg3sb_6q!19sChIJ-_XJK_TpaS4RYb0Pk1F4Uuc?authuser=0&hl=id&rclk=1
Toko Kue Nirmala Sari,089643511891,toko,toko roti in Jakarta Barat,https://www.google.com/maps/place/Toko+Kue+Nirmala+Sari/data=!4m7!3m6!1s0x2e6a029b9bb8e557:0x28f334f7f1ecab16!8m2!3d-6.1338781!4d106.6915243!16s%2Fg%2F11f1mwnyk5!19sChIJV-W4m5sCai4RFqvs8fc08yg?authuser=0&hl=id&rclk=1
Bakery Dapur Roti,081213251635,toko,toko roti in Jakarta Barat,https://www.google.com/maps/place/Bakery+Dapur+Roti/data=!4m7!3m6!1s0x2e69f64bef889d95:0x581eea9e724dc1ba!8m2!3d-6.160683!4d106.7761722!16s%2Fg%2F11bvvzm5m0!19sChIJlZ2I70v2aS4RusFNcp7qHlg?authuser=0&hl=id&rclk=1
Roti John Baba Aliong,081541495926,toko,toko roti in Jakarta Barat,https://www.google.com/maps/place/Roti+John+Baba+Aliong/data=!4m7!3m6!1s0x2e6a03a4e9ed7157:0xc04a31e5cf8a65bb!8m2!3d-6.1307994!4d106.7160045!16s%2Fg%2F11fdldynj5!19sChIJV3Ht6aQDai4Ru2WKz-UxSsA?authuser=0&hl=id&rclk=1
Global Bakery Kedoya,085927704533,toko,toko roti in Jakarta Barat,https://www.google.com/maps/place/Global+Bakery+Kedoya/data=!4m7!3m6!1s0x2e69f7972c472027:0x94563b864d317cc5!8m2!3d-6.1661342!4d106.7646781!16s%2Fg%2F11s8_8j1yq!19sChIJJyBHLJf3aS4RxXwxTYY7VpQ?authuser=0&hl=id&rclk=1
Rujak Kweni Jenny Zhang,081317254577,toko,toko roti in Jakarta Barat,https://www.google.com/maps/place/Rujak+Kweni+Jenny+Zhang/data=!4m7!3m6!1s0x2e6a03003842535b:0xe8884cdbd2354563!8m2!3d-6.1267535!4d106.7099809!16s%2Fg%2F11x321slj3!19sChIJW1NCOAADai4RY0U10ttMiOg?authuser=0&hl=id&rclk=1
Bolabite (bola ubi kopong),08111855883,toko,toko roti in Jakarta Barat,https://www.google.com/maps/place/Bolabite+%28bola+ubi+kopong%29/data=!4m7!3m6!1s0x2e6a03c5bf564521:0xd7812ceca1e9e224!8m2!3d-6.1302225!4d106.7158015!16s%2Fg%2F11pcdzngk2!19sChIJIUVWv8UDai4RJOLpoewsgdc?authuser=0&hl=id&rclk=1
Toko Kue Tarina,085212134919,toko,toko roti in Jakarta Barat,https://www.google.com/maps/place/Toko+Kue+Tarina/data=!4m7!3m6!1s0x2e6a03a88c95bbdd:0xe03dd2730a0f9395!8m2!3d-6.11827!4d106.7033111!16s%2Fg%2F11hz04qghw!19sChIJ3buVjKgDai4RlZMPCnPSPeA?authuser=0&hl=id&rclk=1
ANDHIKA BAKERY,085210862236,toko,toko roti in Jakarta Barat,https://www.google.com/maps/place/ANDHIKA+BAKERY/data=!4m7!3m6!1s0x2e6a035fdf0b2a1d:0x60f4a5f7450fe6e2!8m2!3d-6.1013601!4d106.7069839!16s%2Fg%2F11g_v6zfp6!19sChIJHSoL318Dai4R4uYPRfel9GA?authuser=0&hl=id&rclk=1
Ummy Cake House,087819095034,toko,toko roti in Jakarta Barat,https://www.google.com/maps/place/Ummy+Cake+House/data=!4m7!3m6!1s0x2e6a032b30dac57d:0xb63f62fc70e4a31c!8m2!3d-6.1243008!4d106.7158655!16s%2Fg%2F11vls8nhzd!19sChIJfcXaMCsDai4RHKPkcPxiP7Y?authuser=0&hl=id&rclk=1
Elisa Bakery,082197713819,toko,toko roti in Jakarta Barat,https://www.google.com/maps/place/Elisa+Bakery/data=!4m7!3m6!1s0x2e69f602d5553577:0x8263dde28375350b!8m2!3d-6.1395427!4d106.8061812!16s%2Fg%2F11hc_7j_97!19sChIJdzVV1QL2aS4RCzV1g-LdY4I?authuser=0&hl=id&rclk=1
Toko Kue Niki,085731388045,toko,toko roti in Jakarta Barat,https://www.google.com/maps/place/Toko+Kue+Niki/data=!4m7!3m6!1s0x2e69f81c12d42c7f:0xd6a0a1338f3428af!8m2!3d-6.15301!4d106.7185134!16s%2Fg%2F1pyqh9k9c!19sChIJfyzUEhz4aS4Rryg0jzOhoNY?authuser=0&hl=id&rclk=1
Dev's kitchen,081283074160,toko,toko roti in Jakarta Barat,https://www.google.com/maps/place/Dev%27s+kitchen/data=!4m7!3m6!1s0x2e6a03006218e63d:0x27415eea78f47e02!8m2!3d-6.122212!4d106.7142272!16s%2Fg%2F11vyp4lkc0!19sChIJPeYYYgADai4RAn70eOpeQSc?authuser=0&hl=id&rclk=1
Ellie's cake & ice cream,08119921008,toko,toko roti in Jakarta Barat,https://www.google.com/maps/place/Ellie%27s+cake+%26+ice+cream/data=!4m7!3m6!1s0x2e6a03a971336e25:0x8670e38ed6b68499!8m2!3d-6.123585!4d106.7100951!16s%2Fg%2F11ljqtpr0l!19sChIJJW4zcakDai4RmYS21o7jcIY?authuser=0&hl=id&rclk=1
Roti Nusa Indah,0895615803142,toko,toko roti in Jakarta Barat,https://www.google.com/maps/place/Roti+Nusa+Indah/data=!4m7!3m6!1s0x2e69f7be086d1ab9:0xc6218e9e1f8b6ff0!8m2!3d-6.1634726!4d106.7478452!16s%2Fg%2F11cn6hwbp1!19sChIJuRptCL73aS4R8G-LH56OIcY?authuser=0&hl=id&rclk=1
Dapur inara cake,085714227753,toko,toko roti in Jakarta Barat,https://www.google.com/maps/place/Dapur+inara+cake/data=!4m7!3m6!1s0x2e69f7e2d46953a9:0x6e529720cc37fa02!8m2!3d-6.1606376!4d106.7455564!16s%2Fg%2F11s1pr9m5b!19sChIJqVNp1OL3aS4RAvo3zCCXUm4?authuser=0&hl=id&rclk=1
Doremi pillowcake,081297900168,toko,toko roti in Jakarta Barat,https://www.google.com/maps/place/Doremi+pillowcake/data=!4m7!3m6!1s0x2e6a02ae38cef343:0x523f4a7a427e6756!8m2!3d-6.1307231!4d106.7164476!16s%2Fg%2F11f4j18v79!19sChIJQ_POOK4Cai4RVmd-QnpKP1I?authuser=0&hl=id&rclk=1
"Agen Sari Roti, Jakarta Barat",083873769257,toko,toko roti in Jakarta Barat,"https://www.google.com/maps/place/Agen+Sari+Roti,+Jakarta+Barat/data=!4m7!3m6!1s0x2e6a0343afc46467:0xc8a0891c2929a524!8m2!3d-6.1361215!4d106.6956966!16s%2Fg%2F11kqdvdt43!19sChIJZ2TEr0MDai4RJKUpKRyJoMg?authuser=0&hl=id&rclk=1"
Roti buaya Jakarta barat,087887251280,toko,toko roti in Jakarta Barat,https://www.google.com/maps/place/Roti+buaya+Jakarta+barat/data=!4m7!3m6!1s0x2e69f74e309eff69:0x7f73850b00d15ca!8m2!3d-6.1808415!4d106.7311199!16s%2Fg%2F11hz_x6vs5!19sChIJaf-eME73aS4RyhUNsFA49wc?authuser=0&hl=id&rclk=1
EBONY BAKERY JAKARTA,082133218998,toko,toko roti in Jakarta Barat,https://www.google.com/maps/place/EBONY+BAKERY+JAKARTA/data=!4m7!3m6!1s0x2e69f7f8c2af48b3:0x30848df418f00865!8m2!3d-6.1932721!4d106.7437717!16s%2Fg%2F11lw7w68n_!19sChIJs0ivwvj3aS4RZQjwGPSNhDA?authuser=0&hl=id&rclk=1
Rakuni Bakery - RS Royal Taruma,08999999008,toko,toko roti in Jakarta Barat,https://www.google.com/maps/place/Rakuni+Bakery+-+RS+Royal+Taruma/data=!4m7!3m6!1s0x2e69f71d3f6c1ed5:0xfff14e0db953261a!8m2!3d-6.1667211!4d106.7855012!16s%2Fg%2F11kwf15x_2!19sChIJ1R5sPx33aS4RGiZTuQ1O8f8?authuser=0&hl=id&rclk=1
Roti Gendut Taman Ratu,081287313300,toko,toko roti in Jakarta Barat,https://www.google.com/maps/place/Roti+Gendut+Taman+Ratu/data=!4m7!3m6!1s0x2e69f7005d6fee67:0xc91fe8b01fa6e6ee!8m2!3d-6.1695219!4d106.7687155!16s%2Fg%2F11m5cpnynj!19sChIJZ-5vXQD3aS4R7uamH7DoH8k?authuser=0&hl=id&rclk=1
LA Roti Semanan,087874198996,toko,toko roti in Jakarta Barat,https://www.google.com/maps/place/LA+Roti+Semanan/data=!4m7!3m6!1s0x2e69f900054ae34f:0x382836d1a38a2a8a!8m2!3d-6.1647867!4d106.7002335!16s%2Fg%2F11vqrqlf7y!19sChIJT-NKBQD5aS4RiiqKo9E2KDg?authuser=0&hl=id&rclk=1
Lv cake & cookies,081388181685,toko,toko roti in Jakarta Barat,https://www.google.com/maps/place/Lv+cake+%26+cookies/data=!4m7!3m6!1s0x2e69f7a24b73e71f:0xd3752df45e03674e!8m2!3d-6.1661413!4d106.773493!16s%2Fg%2F11n16twlp_!19sChIJH-dzS6L3aS4RTmcDXvQtddM?authuser=0&hl=id&rclk=1
Toko Donat dan Roti kopi Delima Bakery,081213732688,toko,toko roti in Jakarta Barat,https://www.google.com/maps/place/Toko+Donat+dan+Roti+kopi+Delima+Bakery/data=!4m7!3m6!1s0x2e69f74e8b66d2d5:0x985bccc34eb4eca8!8m2!3d-6.1433565!4d106.7417347!16s%2Fg%2F11vsnhp_6w!19sChIJ1dJmi073aS4RqOy0TsPMW5g?authuser=0&hl=id&rclk=1
Yoga Bakery,085774009024,toko,toko roti in Jakarta Barat,https://www.google.com/maps/place/Yoga+Bakery/data=!4m7!3m6!1s0x2e69f84f7f83b31b:0x1470a8569d88746e!8m2!3d-6.170655!4d106.691063!16s%2Fg%2F11cm_ph0dh!19sChIJG7ODf0_4aS4RbnSInVaocBQ?authuser=0&hl=id&rclk=1
Agen sari roti innda rawa buaya,081299198612,toko,toko roti in Jakarta Barat,https://www.google.com/maps/place/Agen+sari+roti+innda+rawa+buaya/data=!4m7!3m6!1s0x2e69f73c31b79959:0xf5a589c531c3feb!8m2!3d-6.1698473!4d106.7318663!16s%2Fg%2F11v020tw93!19sChIJWZm3MTz3aS4R6z8cU5xYWg8?authuser=0&hl=id&rclk=1
Brightness Bakery & Cake,081314155848,toko,toko roti in Jakarta Barat,https://www.google.com/maps/place/Brightness+Bakery+%26+Cake/data=!4m7!3m6!1s0x2e69f646f7133a35:0xc6161afa5f9d329a!8m2!3d-6.1600199!4d106.7860278!16s%2Fg%2F11c59n_r1v!19sChIJNToT90b2aS4RmjKdX_oaFsY?authuser=0&hl=id&rclk=1
Yokina Patisserie,081214499660,toko,toko roti in Jakarta Barat,https://www.google.com/maps/place/Yokina+Patisserie/data=!4m7!3m6!1s0x2e69f9c6d03778e1:0xcc590fc50eb5d373!8m2!3d-6.1795946!4d106.7133891!16s%2Fg%2F11kj79dfr4!19sChIJ4Xg30Mb5aS4Rc9O1DsUPWcw?authuser=0&hl=id&rclk=1
Toko Kue Azahwa Cake,08158335610,toko,toko roti in Jakarta Barat,https://www.google.com/maps/place/Toko+Kue+Azahwa+Cake/data=!4m7!3m6!1s0x2e69f7ca883ba053:0x808c3142de1605f1!8m2!3d-6.1570891!4d106.7677549!16s%2Fg%2F11f1k96pf2!19sChIJU6A7iMr3aS4R8QUW3kIxjIA?authuser=0&hl=id&rclk=1
Ano's Kitchen,081380096521,toko,toko roti in Jakarta Barat,https://www.google.com/maps/place/Ano%27s+Kitchen/data=!4m7!3m6!1s0x2e69f932ece5908f:0xd2d559f4c41440f4!8m2!3d-6.1865568!4d106.7178484!16s%2Fg%2F11kgpynns3!19sChIJj5Dl7DL5aS4R9EAUxPRZ1dI?authuser=0&hl=id&rclk=1
Toko Bahan Kue Jakarta Barat,081212343487,toko,toko roti in Jakarta Barat,https://www.google.com/maps/place/Toko+Bahan+Kue+Jakarta+Barat/data=!4m7!3m6!1s0x2e69f794c1205427:0x3f182d009f469bd1!8m2!3d-6.1412452!4d106.7492584!16s%2Fg%2F11fl5d5jfv!19sChIJJ1QgwZT3aS4R0ZtGnwAtGD8?authuser=0&hl=id&rclk=1
Roti POPIBU,081373312777,toko,toko roti in Jakarta Barat,https://www.google.com/maps/place/Roti+POPIBU/data=!4m7!3m6!1s0x2e6a1d2a291dfddf:0x2352da385ae3ea35!8m2!3d-6.1615321!4d106.6920526!16s%2Fg%2F11sh22sl_q!19sChIJ3_0dKSodai4RNerjWjjaUiM?authuser=0&hl=id&rclk=1
Bakery 3 Nyonya,082311668228,toko,toko roti in Jakarta Barat,https://www.google.com/maps/place/Bakery+3+Nyonya/data=!4m7!3m6!1s0x2e69f9347e840611:0x2e75f5b3208302e1!8m2!3d-6.1597584!4d106.75469!16s%2Fg%2F11fkspm_h9!19sChIJEQaEfjT5aS4R4QKDILP1dS4?authuser=0&hl=id&rclk=1
Mama Boen Bakery & Cakery Taman Ratu,081280789797,toko,toko roti in Jakarta Barat,https://www.google.com/maps/place/Mama+Boen+Bakery+%26+Cakery+Taman+Ratu/data=!4m7!3m6!1s0x2e69f78a33542789:0xe9e72e55746399da!8m2!3d-6.1647003!4d106.7714061!16s%2Fg%2F11js9yz606!19sChIJiSdUM4r3aS4R2pljdFUu5-k?authuser=0&hl=id&rclk=1
roti gulung sri rejeki,085884936143,toko,toko roti in Jakarta Barat,https://www.google.com/maps/place/roti+gulung+sri+rejeki/data=!4m7!3m6!1s0x2e69f73244b6fa37:0x752b6f20a448b0c9!8m2!3d-6.1580995!4d106.7689837!16s%2Fg%2F11jm7btkny!19sChIJN_q2RDL3aS4RybBIpCBvK3U?authuser=0&hl=id&rclk=1
La Celeste Florist & Catholic Devotional,087782053977,toko,toko bunga in Jakarta Barat,https://www.google.com/maps/place/La+Celeste+Florist+%26+Catholic+Devotional/data=!4m7!3m6!1s0x2e6a02a698813c71:0x6207db6777574ca!8m2!3d-6.1346411!4d106.7068618!16s%2Fg%2F11g9vr1rdy!19sChIJcTyBmKYCai4RynR1d7Z9IAY?authuser=0&hl=id&rclk=1
Eterny Florist Cengkareng,083875724398,toko,toko bunga in Jakarta Barat,https://www.google.com/maps/place/Eterny+Florist+Cengkareng/data=!4m7!3m6!1s0x2e6a0386cfe8f479:0xe7369d0660e4259c!8m2!3d-6.1424889!4d106.7090735!16s%2Fg%2F11rtthhn25!19sChIJefToz4YDai4RnCXkYAadNuc?authuser=0&hl=id&rclk=1
Memory Florist,081280808360,toko,toko bunga in Jakarta Barat,https://www.google.com/maps/place/Memory+Florist/data=!4m7!3m6!1s0x2e6a039a64d8fb49:0x7d22536d7284954e!8m2!3d-6.1215321!4d106.6977878!16s%2Fg%2F11q2vxp9px!19sChIJSfvYZJoDai4RTpWEcm1TIn0?authuser=0&hl=id&rclk=1
Saefullah Florist,089637568079,toko,toko bunga in Jakarta Barat,https://www.google.com/maps/place/Saefullah+Florist/data=!4m7!3m6!1s0x2e69f9f84368fdc1:0x120d6996e77a6846!8m2!3d-6.147275!4d106.7112997!16s%2Fg%2F11h_3k58c3!19sChIJwf1oQ_j5aS4RRmh655ZpDRI?authuser=0&hl=id&rclk=1
Red Flower,081289420894,toko,toko bunga in Jakarta Barat,https://www.google.com/maps/place/Red+Flower/data=!4m7!3m6!1s0x2e6a02ab2a6de7b9:0x82280eccf9d688d6!8m2!3d-6.1317953!4d106.7089645!16s%2Fg%2F1pzq6rlvz!19sChIJuedtKqsCai4R1ojW-cwOKII?authuser=0&hl=id&rclk=1
Et si Fleur,0895329558445,toko,toko bunga in Jakarta Barat,https://www.google.com/maps/place/Et+si+Fleur/data=!4m7!3m6!1s0x2e6a03aa0640e553:0xe53e87bbf3acff52!8m2!3d-6.1221402!4d106.7116615!16s%2Fg%2F11yqvqv4yh!19sChIJU-VABqoDai4RUv-s87uHPuU?authuser=0&hl=id&rclk=1
Fajar creations,088289585529,toko,toko bunga in Jakarta Barat,https://www.google.com/maps/place/Fajar+creations/data=!4m7!3m6!1s0x2e6a03d74e0955c7:0xe8cc1c545016fa13!8m2!3d-6.139137!4d106.7023988!16s%2Fg%2F11qg67jrj7!19sChIJx1UJTtcDai4RE_oWUFQczOg?authuser=0&hl=id&rclk=1
Rangkaian floris,085772774418,toko,toko bunga in Jakarta Barat,https://www.google.com/maps/place/Rangkaian+floris/data=!4m7!3m6!1s0x2e69f97c657bf2a5:0x4cde95a0673849fa!8m2!3d-6.1444439!4d106.7051282!16s%2Fg%2F11t34zcsxc!19sChIJpfJ7ZXz5aS4R-kk4Z6CV3kw?authuser=0&hl=id&rclk=1
Rsheflorist,085175002058,toko,toko bunga in Jakarta Barat,https://www.google.com/maps/place/Rsheflorist/data=!4m7!3m6!1s0x2e69f943e2c17f9d:0x594c4a0f65ea89c7!8m2!3d-6.1472046!4d106.7112256!16s%2Fg%2F11sdb9813d!19sChIJnX_B4kP5aS4Rx4nqZQ9KTFk?authuser=0&hl=id&rclk=1
Yulie florist,081218107003,toko,toko bunga in Jakarta Barat,https://www.google.com/maps/place/Yulie+florist/data=!4m7!3m6!1s0x2e69f8092599fb3f:0x9fee241aaa7b8281!8m2!3d-6.1437166!4d106.7081538!16s%2Fg%2F11cmbgjgpr!19sChIJP_uZJQn4aS4RgYJ7qhok7p8?authuser=0&hl=id&rclk=1
Toko bunga Jakarta Barat Justyn florist,085692456634,toko,toko bunga in Jakarta Barat,https://www.google.com/maps/place/Toko+bunga+Jakarta+Barat+Justyn+florist/data=!4m7!3m6!1s0x2e69f97d772d1ae7:0x51d4a660b391f802!8m2!3d-6.1450603!4d106.7226576!16s%2Fg%2F11v07hsbnk!19sChIJ5xotd335aS4RAviRs2Cm1FE?authuser=0&hl=id&rclk=1
Effie Flower,082299298031,toko,toko bunga in Jakarta Barat,https://www.google.com/maps/place/Effie+Flower/data=!4m7!3m6!1s0x2e6a02c9708c8951:0x7a5a9f599bd6e6fc!8m2!3d-6.1156487!4d106.7167609!16s%2Fg%2F11mtk7j5gd!19sChIJUYmMcMkCai4R_ObWm1mfWno?authuser=0&hl=id&rclk=1
Distributor tanah merah dan lembang jakarta,082122824663,toko,toko bunga in Jakarta Barat,https://www.google.com/maps/place/Distributor+tanah+merah+dan+lembang+jakarta/data=!4m7!3m6!1s0x2e69f78153c9fbe9:0xaa0796f1e05541f4!8m2!3d-6.128603!4d106.7291768!16s%2Fg%2F11v6kcx9v5!19sChIJ6fvJU4H3aS4R9EFV4PGWB6o?authuser=0&hl=id&rclk=1
Toko bunga hias,081282315707,toko,toko bunga in Jakarta Barat,https://www.google.com/maps/place/Toko+bunga+hias/data=!4m7!3m6!1s0x2e6a1d000d0bfb83:0xec4d29b2870fdc92!8m2!3d-6.1236725!4d106.7301382!16s%2Fg%2F11y2g1yt67!19sChIJg_sLDQAdai4RktwPh7IpTew?authuser=0&hl=id&rclk=1
MAFA KREASI,081289845968,toko,toko bunga in Jakarta Barat,https://www.google.com/maps/place/MAFA+KREASI/data=!4m7!3m6!1s0x2e69f90061d59b31:0xf3395e9637472654!8m2!3d-6.1410169!4d106.7211829!16s%2Fg%2F11y4bc72q3!19sChIJMZvVYQD5aS4RVCZHN5ZeOfM?authuser=0&hl=id&rclk=1
Blumefleur Florist Jakarta,081219969610,toko,toko bunga in Jakarta Barat,https://www.google.com/maps/place/Blumefleur+Florist+Jakarta/data=!4m7!3m6!1s0x2e69f7bec921dc1f:0xd86f0164d1e3fde6!8m2!3d-6.1726329!4d106.7401901!16s%2Fg%2F11rqgw8gpx!19sChIJH9whyb73aS4R5v3j0WQBb9g?authuser=0&hl=id&rclk=1
"Huis van Bloemen, Flowers boutique",0817119928,toko,toko bunga in Jakarta Barat,"https://www.google.com/maps/place/Huis+van+Bloemen,+Flowers+boutique/data=!4m7!3m6!1s0x2e6a1d5210a2a05b:0x698b49fd98bc4808!8m2!3d-6.1293191!4d106.7286009!16s%2Fg%2F1vtkrcmd!19sChIJW6CiEFIdai4RCEi8mP1Ji2k?authuser=0&hl=id&rclk=1"
VIANI BUKET / VIANI PROJECTS,081387742005,toko,toko bunga in Jakarta Barat,https://www.google.com/maps/place/VIANI+BUKET+%2F+VIANI+PROJECTS/data=!4m7!3m6!1s0x2e6a030079b50b43:0xbbf85da68d9e5e79!8m2!3d-6.1095667!4d106.699474!16s%2Fg%2F11wy32lpnv!19sChIJQwu1eQADai4ReV6ejaZd-Ls?authuser=0&hl=id&rclk=1
Juca Florist,081280162233,toko,toko bunga in Jakarta Barat,https://www.google.com/maps/place/Juca+Florist/data=!4m7!3m6!1s0x2e69f7e7420a7c49:0x4d41674faac0cbbd!8m2!3d-6.165491!4d106.7688693!16s%2Fg%2F11hh7q4zrj!19sChIJSXwKQuf3aS4RvcvAqk9nQU0?authuser=0&hl=id&rclk=1
Guzhcraft toko buket bunga florist bouqet,083875488643,toko,toko bunga in Jakarta Barat,https://www.google.com/maps/place/Guzhcraft+toko+buket+bunga+florist+bouqet/data=!4m7!3m6!1s0x2e69f7001e2d0fbb:0x8d796dec23385fdf!8m2!3d-6.1544686!4d106.7766427!16s%2Fg%2F11x1pnxkkq!19sChIJuw8tHgD3aS4R3184I-xteY0?authuser=0&hl=id&rclk=1
NISSA FLORIST,085883268568,toko,toko bunga in Jakarta Barat,https://www.google.com/maps/place/NISSA+FLORIST/data=!4m7!3m6!1s0x2e69f79f313c070b:0xc9a235d8831d8220!8m2!3d-6.1848583!4d106.733619!16s%2Fg%2F11fcsblxjc!19sChIJCwc8MZ_3aS4RIIIdg9g1osk?authuser=0&hl=id&rclk=1
Vivi Florist,08561644388,toko,toko bunga in Jakarta Barat,https://www.google.com/maps/place/Vivi+Florist/data=!4m7!3m6!1s0x2e69f63140a1037b:0xfe29a90fb01cdff6!8m2!3d-6.1450776!4d106.7801823!16s%2Fg%2F11b8t64db4!19sChIJewOhQDH2aS4R9t8csA-pKf4?authuser=0&hl=id&rclk=1
Flopy Pusat Perlengkapan Florist,085176829008,toko,toko bunga in Jakarta Barat,https://www.google.com/maps/place/Flopy+Pusat+Perlengkapan+Florist/data=!4m7!3m6!1s0x2e69f7bf46179a67:0x7bb3d69d6703ad81!8m2!3d-6.206306!4d106.7803424!16s%2Fg%2F11rx3vm6pc!19sChIJZ5oXRr_3aS4Rga0DZ53Ws3s?authuser=0&hl=id&rclk=1
Rymelisa Bouquet Jakarta Barat,085183361109,toko,toko bunga in Jakarta Barat,https://www.google.com/maps/place/Rymelisa+Bouquet+Jakarta+Barat/data=!4m7!3m6!1s0x2e69f79b06676a55:0x679ceb8b979cc3c3!8m2!3d-6.15145!4d106.7796297!16s%2Fg%2F11q8tx8kt7!19sChIJVWpnBpv3aS4Rw8Ocl4vrnGc?authuser=0&hl=id&rclk=1
Kembangsari florist,087884364656,toko,toko bunga in Jakarta Barat,https://www.google.com/maps/place/Kembangsari+florist/data=!4m7!3m6!1s0x2e69f76ad2acb6c9:0x24c2adbc31d35ece!8m2!3d-6.1774616!4d106.7455801!16s%2Fg%2F11sr6h72rb!19sChIJybas0mr3aS4Rzl7TMbytwiQ?authuser=0&hl=id&rclk=1
Paradox Plants,081586420754,toko,toko bunga in Jakarta Barat,https://www.google.com/maps/place/Paradox+Plants/data=!4m7!3m6!1s0x2e69f722052dc2ab:0x13a7344c31d15c96!8m2!3d-6.1595269!4d106.7595182!16s%2Fg%2F11lpbj2fzk!19sChIJq8ItBSL3aS4RllzRMUw0pxM?authuser=0&hl=id&rclk=1
Evie Susanti aglonema,081219502056,toko,toko bunga in Jakarta Barat,https://www.google.com/maps/place/Evie+Susanti+aglonema/data=!4m7!3m6!1s0x2e69f78229f7c32b:0x89f17f8bbff76cec!8m2!3d-6.1585721!4d106.7689634!16s%2Fg%2F11sg27klxb!19sChIJK8P3KYL3aS4R7Gz3v4t_8Yk?authuser=0&hl=id&rclk=1
De’ Flower,087777600988,toko,toko bunga in Jakarta Barat,https://www.google.com/maps/place/De%E2%80%99+Flower/data=!4m7!3m6!1s0x2e69f7ca23b2c59d:0x69e6a3deabcd26dd!8m2!3d-6.1698796!4d106.7460364!16s%2Fg%2F11fnvyz4dn!19sChIJncWyI8r3aS4R3SbNq96j5mk?authuser=0&hl=id&rclk=1
Bucketbyim,085695803005,toko,toko bunga in Jakarta Barat,https://www.google.com/maps/place/Bucketbyim/data=!4m7!3m6!1s0x2e6a03a7747b7a71:0xef06e32d9170eb84!8m2!3d-6.1262343!4d106.7208284!16s%2Fg%2F11rtqv028b!19sChIJcXp7dKcDai4RhOtwkS3jBu8?authuser=0&hl=id&rclk=1
rey florist toko bunga papan 24 jam,089615161449,toko,toko bunga in Jakarta Barat,https://www.google.com/maps/place/rey+florist+toko+bunga+papan+24+jam/data=!4m7!3m6!1s0x2e69f7fc69bd9737:0xb7a09f1a02135213!8m2!3d-6.2055413!4d106.7547806!16s%2Fg%2F11nyc4vqyv!19sChIJN5e9afz3aS4RE1ITAhqfoLc?authuser=0&hl=id&rclk=1
Juslyne Florist,085100354707,toko,toko bunga in Jakarta Barat,https://www.google.com/maps/place/Juslyne+Florist/data=!4m7!3m6!1s0x2e69f7b229416813:0x4f6f6bf1b7f5acbb!8m2!3d-6.1662398!4d106.7649088!16s%2Fg%2F11f30hm1s8!19sChIJE2hBKbL3aS4Ru6z1t_Frb08?authuser=0&hl=id&rclk=1
Toko bunga rafis florist jakarta 24 jam,081293912384,toko,toko bunga in Jakarta Barat,https://www.google.com/maps/place/Toko+bunga+rafis+florist+jakarta+24+jam/data=!4m7!3m6!1s0x2e69f799a1f51841:0x98f124530e0e52f!8m2!3d-6.2068947!4d106.7765287!16s%2Fg%2F11qwqpm6qd!19sChIJQRj1oZn3aS4RL-XgMEUSjwk?authuser=0&hl=id&rclk=1
Anni Florist,08159701622,toko,toko bunga in Jakarta Barat,https://www.google.com/maps/place/Anni+Florist/data=!4m7!3m6!1s0x2e69f6daff7579b7:0xf2c7a7775a32c82e!8m2!3d-6.2061263!4d106.7796058!16s%2Fg%2F12ll8n9v6!19sChIJt3l1_9r2aS4RLsgyWnenx_I?authuser=0&hl=id&rclk=1
Serba bunga,088210685846,toko,toko bunga in Jakarta Barat,https://www.google.com/maps/place/Serba+bunga/data=!4m7!3m6!1s0x2e69f71a3bf5f3d1:0xe6f2a48ea587ab57!8m2!3d-6.16669!4d106.749868!16s%2Fg%2F11v5dzvyzj!19sChIJ0fP1Oxr3aS4RV6uHpY6k8uY?authuser=0&hl=id&rclk=1
Diana Florist Jakarta Barat,085972502997,toko,toko bunga in Jakarta Barat,https://www.google.com/maps/place/Diana+Florist+Jakarta+Barat/data=!4m7!3m6!1s0x2e69f71842f364b5:0x1048f7f87ba0bff4!8m2!3d-6.1868115!4d106.7715853!16s%2Fg%2F11ytz30p_h!19sChIJtWTzQhj3aS4R9L-ge_j3SBA?authuser=0&hl=id&rclk=1
Rekomendasi Toko Bunga Rawa Belong - Energy Zingga Florist,087886312928,toko,toko bunga in Jakarta Barat,https://www.google.com/maps/place/Rekomendasi+Toko+Bunga+Rawa+Belong+-+Energy+Zingga+Florist/data=!4m7!3m6!1s0x2e69f7f17aff53ff:0xbc3e89c6a715e30b!8m2!3d-6.206402!4d106.776997!16s%2Fg%2F11g24t9xgj!19sChIJ_1P_evH3aS4RC-MVp8aJPrw?authuser=0&hl=id&rclk=1
Rossy,081211363892,toko,toko bunga in Jakarta Barat,https://www.google.com/maps/place/Rossy/data=!4m7!3m6!1s0x2e69f6573edc1a85:0xc92cdde8a25a0f01!8m2!3d-6.1739179!4d106.7828199!16s%2Fg%2F1hdzh61d9!19sChIJhRrcPlf2aS4RAQ9aoujdLMk?authuser=0&hl=id&rclk=1
S.Design22 Florist (Buket Jakarta Barat),081292543040,toko,toko bunga in Jakarta Barat,https://www.google.com/maps/place/S.Design22+Florist+%28Buket+Jakarta+Barat%29/data=!4m7!3m6!1s0x2e69f7006bbbc749:0x839df4fe1ca0f3f6!8m2!3d-6.1619512!4d106.7776509!16s%2Fg%2F11wng4d_ld!19sChIJSce7awD3aS4R9vOgHP70nYM?authuser=0&hl=id&rclk=1
Arif florist,083134852192,toko,toko bunga in Jakarta Barat,https://www.google.com/maps/place/Arif+florist/data=!4m7!3m6!1s0x2e69f70ae42cedc5:0x9ddaec79d774706d!8m2!3d-6.1644647!4d106.780961!16s%2Fg%2F11l6_6pmj3!19sChIJxe0s5Ar3aS4RbXB013ns2p0?authuser=0&hl=id&rclk=1
Toko Bunga LianHua Florist,081298818810,toko,toko bunga in Jakarta Barat,https://www.google.com/maps/place/Toko+Bunga+LianHua+Florist/data=!4m7!3m6!1s0x2e69f7afc13abf07:0x5615b1e4405a8d96!8m2!3d-6.1555789!4d106.797513!16s%2Fg%2F11y3sl67x_!19sChIJB786wa_3aS4Rlo1aQOSxFVY?authuser=0&hl=id&rclk=1
B Pets,089666641411,pet,pet shop in Jakarta Barat,https://www.google.com/maps/place/B+Pets/data=!4m7!3m6!1s0x2e6a02a4fa6423c9:0xddb59bac79430c79!8m2!3d-6.1311081!4d106.7080189!16s%2Fg%2F11g6wg0p0f!19sChIJySNk-qQCai4ReQxDeaybtd0?authuser=0&hl=id&rclk=1
Sibayak Petshop,081334339350,pet,pet shop in Jakarta Barat,https://www.google.com/maps/place/Sibayak+Petshop/data=!4m7!3m6!1s0x2e6a03005c24a6e5:0x5a5dffffb85cc27d!8m2!3d-6.1223912!4d106.7171765!16s%2Fg%2F11vqs4fgvx!19sChIJ5aYkXAADai4RfcJcuP__XVo?authuser=0&hl=id&rclk=1
Petshop Shantysafira,081318747598,pet,pet shop in Jakarta Barat,https://www.google.com/maps/place/Petshop+Shantysafira/data=!4m7!3m6!1s0x2e6a1dac57aa896d:0x62f8eb801109fcac!8m2!3d-6.126043!4d106.7201247!16s%2Fg%2F11fks6jhps!19sChIJbYmqV6wdai4RrPwJEYDr-GI?authuser=0&hl=id&rclk=1
Petshop Sunset Avenue,08986232888,pet,pet shop in Jakarta Barat,https://www.google.com/maps/place/Petshop+Sunset+Avenue/data=!4m7!3m6!1s0x2e6a030028972e0b:0xab10e022fb6c32a9!8m2!3d-6.123921!4d106.6940871!16s%2Fg%2F11lcg_spf_!19sChIJCy6XKAADai4RqTJs-yLgEKs?authuser=0&hl=id&rclk=1
ZEGEN PETSHOP,082112577365,pet,pet shop in Jakarta Barat,https://www.google.com/maps/place/ZEGEN+PETSHOP/data=!4m7!3m6!1s0x2e69f9a3ce6dcd5b:0xd3c277a6c721fd27!8m2!3d-6.1278722!4d106.725546!16s%2Fg%2F11h4tmww6f!19sChIJW81tzqP5aS4RJ_0hx6Z3wtM?authuser=0&hl=id&rclk=1
Joe Pet Shop - Taman Palem,08119797876,pet,pet shop in Jakarta Barat,https://www.google.com/maps/place/Joe+Pet+Shop+-+Taman+Palem/data=!4m7!3m6!1s0x2e6a0324efa93bff:0x68154231ec3864a5!8m2!3d-6.133825!4d106.7187999!16s%2Fg%2F11rbslntgh!19sChIJ_zup7yQDai4RpWQ47DFCFWg?authuser=0&hl=id&rclk=1
En’s Petshop,087722837378,pet,pet shop in Jakarta Barat,https://www.google.com/maps/place/En%E2%80%99s+Petshop/data=!4m7!3m6!1s0x2e6a030071d8bcb7:0x782b0c7c988748e4!8m2!3d-6.1350344!4d106.7130465!16s%2Fg%2F11vq68x4n2!19sChIJt7zYcQADai4R5EiHmHwMK3g?authuser=0&hl=id&rclk=1
KITTY PETSHOP,082112108337,pet,pet shop in Jakarta Barat,https://www.google.com/maps/place/KITTY+PETSHOP/data=!4m7!3m6!1s0x2e6a03d72addabaf:0xc13e25b2836d3f19!8m2!3d-6.1192008!4d106.7095952!16s%2Fg%2F11pb1yy5vt!19sChIJr6vdKtcDai4RGT9tg7IlPsE?authuser=0&hl=id&rclk=1
Klinik Hewan Citra 6 (Praktek drh. Intan Rahayu)_Kalideres_ JAKARTA BARAT,081322107909,pet,pet shop in Jakarta Barat,https://www.google.com/maps/place/Klinik+Hewan+Citra+6+%28Praktek+drh.+Intan+Rahayu%29_Kalideres_+JAKARTA+BARAT/data=!4m7!3m6!1s0x2e6a030a65bd2d1d:0x226737dcf640de34!8m2!3d-6.1228176!4d106.7094644!16s%2Fg%2F11h63kjw62!19sChIJHS29ZQoDai4RNN5A9tw3ZyI?authuser=0&hl=id&rclk=1
Cot,081311647691,pet,pet shop in Jakarta Barat,https://www.google.com/maps/place/Cot/data=!4m7!3m6!1s0x2e6a03072320311b:0xcf57039f0c71601e!8m2!3d-6.1319812!4d106.7072213!16s%2Fg%2F11whrp2h8b!19sChIJGzEgIwcDai4RHmBxDJ8DV88?authuser=0&hl=id&rclk=1
Tegal Alur Petshop,089688987835,pet,pet shop in Jakarta Barat,https://www.google.com/maps/place/Tegal+Alur+Petshop/data=!4m7!3m6!1s0x2e6a0378d64409e9:0x8b71e21075226c8c!8m2!3d-6.1270479!4d106.7214299!16s%2Fg%2F11sdd73mkd!19sChIJ6QlE1ngDai4RjGwidRDicYs?authuser=0&hl=id&rclk=1
MINNIE PETSHOP,08981921888,pet,pet shop in Jakarta Barat,https://www.google.com/maps/place/MINNIE+PETSHOP/data=!4m7!3m6!1s0x2e6a034bf35d3c75:0x63fd07bcac656806!8m2!3d-6.1363265!4d106.7089289!16s%2Fg%2F11vf5hfhgs!19sChIJdTxd80sDai4RBmhlrLwH_WM?authuser=0&hl=id&rclk=1
Papawrazzi Petshop,081311737138,pet,pet shop in Jakarta Barat,https://www.google.com/maps/place/Papawrazzi+Petshop/data=!4m7!3m6!1s0x2e6a03374ec2dd27:0xd5b28b5f65e14868!8m2!3d-6.1356725!4d106.7088127!16s%2Fg%2F11fp9dgn7f!19sChIJJ93CTjcDai4RaEjhZV-LstU?authuser=0&hl=id&rclk=1
Rjk Gliders,083876594222,pet,pet shop in Jakarta Barat,https://www.google.com/maps/place/Rjk+Gliders/data=!4m7!3m6!1s0x2e6a03300c86d389:0xcc4c6272ab9600ce!8m2!3d-6.1335908!4d106.7120621!16s%2Fg%2F11j8gk1yd_!19sChIJidOGDDADai4RzgCWq3JiTMw?authuser=0&hl=id&rclk=1
D n C dog and cat pet clinic,087880232696,pet,pet shop in Jakarta Barat,https://www.google.com/maps/place/D+n+C+dog+and+cat+pet+clinic/data=!4m7!3m6!1s0x2e6a038c3a458c6b:0x4a36b115d064830a!8m2!3d-6.1341751!4d106.706351!16s%2Fg%2F11df5wr3_d!19sChIJa4xFOowDai4RCoNk0BWxNko?authuser=0&hl=id&rclk=1
MoCi Petshop,088297370039,pet,pet shop in Jakarta Barat,https://www.google.com/maps/place/MoCi+Petshop/data=!4m7!3m6!1s0x2e6a03005297221d:0xff4e2dd3697706c!8m2!3d-6.1293945!4d106.7041245!16s%2Fg%2F11zjvq5rp_!19sChIJHSKXUgADai4RbHCXNt3i9A8?authuser=0&hl=id&rclk=1
Petshop glory,082260824750,pet,pet shop in Jakarta Barat,https://www.google.com/maps/place/Petshop+glory/data=!4m7!3m6!1s0x2e6a036b116836c1:0x318b2fbc0c52805e!8m2!3d-6.137078!4d106.7164359!16s%2Fg%2F11j90lrwdy!19sChIJwTZoEWsDai4RXoBSDLwvizE?authuser=0&hl=id&rclk=1
Wong Pet Shop,081294108310,pet,pet shop in Jakarta Barat,https://www.google.com/maps/place/Wong+Pet+Shop/data=!4m7!3m6!1s0x2e6a1d0b4d76d3d9:0xdc19345d3b846a89!8m2!3d-6.1371832!4d106.712487!16s%2Fg%2F11vqp0fv0r!19sChIJ2dN2TQsdai4RiWqEO100Gdw?authuser=0&hl=id&rclk=1
Mega Suarez petshop Cengkareng,083877549496,pet,pet shop in Jakarta Barat,https://www.google.com/maps/place/Mega+Suarez+petshop+Cengkareng/data=!4m7!3m6!1s0x2e6a1da6fd55c38b:0x66d3fde9ad00b818!8m2!3d-6.130972!4d106.7331847!16s%2Fg%2F11lgk9x_jg!19sChIJi8NV_aYdai4RGLgAren902Y?authuser=0&hl=id&rclk=1
INDOEXOTICPETS 2.0,0857999999,pet,pet shop in Jakarta Barat,https://www.google.com/maps/place/INDOEXOTICPETS+2.0/data=!4m7!3m6!1s0x2e6a03efc8ebf6cd:0x7f402e04a5a970c4!8m2!3d-6.1348954!4d106.7065687!16s%2Fg%2F11pb_7km42!19sChIJzfbryO8Dai4RxHCppQQuQH8?authuser=0&hl=id&rclk=1
Pus Hams Pet Shop,08999766615,pet,pet shop in Jakarta Barat,https://www.google.com/maps/place/Pus+Hams+Pet+Shop/data=!4m7!3m6!1s0x2e6a02b2f04aa6bd:0x3b76a4e871da2672!8m2!3d-6.1269415!4d106.7211592!16s%2Fg%2F11vdgwznd7!19sChIJvaZK8LICai4Rcibaceikdjs?authuser=0&hl=id&rclk=1
Alasjazz petshop,088223981871,pet,pet shop in Jakarta Barat,https://www.google.com/maps/place/Alasjazz+petshop/data=!4m7!3m6!1s0x2e69f728a846dee7:0xac203e5457f5d368!8m2!3d-6.1521391!4d106.7258977!16s%2Fg%2F11rq4gqmv2!19sChIJ595GqCj3aS4RaNP1V1Q-IKw?authuser=0&hl=id&rclk=1
chabes pet station,089684265476,pet,pet shop in Jakarta Barat,https://www.google.com/maps/place/chabes+pet+station/data=!4m7!3m6!1s0x2e6a1d77b438f27b:0x40034150c95c3ec9!8m2!3d-6.1224386!4d106.7285842!16s%2Fg%2F11rzhclgp8!19sChIJe_I4tHcdai4RyT5cyVBBA0A?authuser=0&hl=id&rclk=1
Toko Sinergies,085882664474,pet,pet shop in Jakarta Barat,https://www.google.com/maps/place/Toko+Sinergies/data=!4m7!3m6!1s0x2e6a0313fb397749:0xf59620703c61dd8b!8m2!3d-6.1221726!4d106.7118022!16s%2Fg%2F11vkphrldd!19sChIJSXc5-xMDai4Ri91hPHAglvU?authuser=0&hl=id&rclk=1
Mr Naufal Fish Aquatic,085215810642,pet,pet shop in Jakarta Barat,https://www.google.com/maps/place/Mr+Naufal+Fish+Aquatic/data=!4m7!3m6!1s0x2e6a03907f6d02d3:0x497f9e148600ff44!8m2!3d-6.1259753!4d106.7197674!16s%2Fg%2F11ybcs43_j!19sChIJ0wJtf5ADai4RRP8AhhSef0k?authuser=0&hl=id&rclk=1
Boto Petshop,082123669903,pet,pet shop in Jakarta Barat,https://www.google.com/maps/place/Boto+Petshop/data=!4m7!3m6!1s0x2e69f969da6d0b71:0x69e0cd139b93bea5!8m2!3d-6.1428678!4d106.7174043!16s%2Fg%2F11hjcdj6v2!19sChIJcQtt2mn5aS4Rpb6TmxPN4Gk?authuser=0&hl=id&rclk=1
F2 PET HOME & SHOP,087810324862,pet,pet shop in Jakarta Barat,https://www.google.com/maps/place/F2+PET+HOME+%26+SHOP/data=!4m7!3m6!1s0x2e6a1d6ac80cb96f:0x59b1c93d4aece0f7!8m2!3d-6.1369945!4d106.7340437!16s%2Fg%2F11fnr1v1sm!19sChIJb7kMyGodai4R9-DsSj3JsVk?authuser=0&hl=id&rclk=1
Toko hewan Bless,085772533085,pet,pet shop in Jakarta Barat,https://www.google.com/maps/place/Toko+hewan+Bless/data=!4m7!3m6!1s0x2e69f9f526c33d13:0x9c9c9911507d0e86!8m2!3d-6.1454384!4d106.6964062!16s%2Fg%2F11jv1z4t17!19sChIJEz3DJvX5aS4Rhg59UBGZnJw?authuser=0&hl=id&rclk=1
Love Vet | Klinik Hewan & Home Visit | Petshop & Grooming,081213303071,pet,pet shop in Jakarta Barat,https://www.google.com/maps/place/Love+Vet+%7C+Klinik+Hewan+%26+Home+Visit+%7C+Petshop+%26+Grooming/data=!4m7!3m6!1s0x2e69f9459f4eea37:0xac6d9fc464b60438!8m2!3d-6.1449312!4d106.7061077!16s%2Fg%2F11k9mvjdz_!19sChIJN-pOn0X5aS4ROAS2ZMSfbaw?authuser=0&hl=id&rclk=1
Alya petshop,081318932535,pet,pet shop in Jakarta Barat,https://www.google.com/maps/place/Alya+petshop/data=!4m7!3m6!1s0x2e6a03cf2bd9d8e9:0x243bf4f83f074541!8m2!3d-6.1139181!4d106.712795!16s%2Fg%2F11p5gdlhtx!19sChIJ6djZK88Dai4RQUUHP_j0OyQ?authuser=0&hl=id&rclk=1
Katty Pet Shop,085880000517,pet,pet shop in Jakarta Barat,https://www.google.com/maps/place/Katty+Pet+Shop/data=!4m7!3m6!1s0x2e69f7bad693f0db:0x78aa7b57b7457aea!8m2!3d-6.1463358!4d106.729045!16s%2Fg%2F11rnttptxk!19sChIJ2_CT1rr3aS4R6npFt1d7qng?authuser=0&hl=id&rclk=1
Gloo Store,081297773058,pet,pet shop in Jakarta Barat,https://www.google.com/maps/place/Gloo+Store/data=!4m7!3m6!1s0x2e6a03d8f1233c23:0x47a66864e7e78385!8m2!3d-6.1240745!4d106.7198791!16s%2Fg%2F11vbwv9nr0!19sChIJIzwj8dgDai4RhYPn52Ropkc?authuser=0&hl=id&rclk=1
HD SUKSES / ALVARO SUKSES / BHS BF,081318000335,pet,pet shop in Jakarta Barat,https://www.google.com/maps/place/HD+SUKSES+%2F+ALVARO+SUKSES+%2F+BHS+BF/data=!4m7!3m6!1s0x2e6a03b313d78e3d:0x10f623bfd6a5eba4!8m2!3d-6.1252092!4d106.7202537!16s%2Fg%2F11h_tr7b13!19sChIJPY7XE7MDai4RpOul1r8j9hA?authuser=0&hl=id&rclk=1
Faeyza Petshop,081284906184,pet,pet shop in Jakarta Barat,https://www.google.com/maps/place/Faeyza+Petshop/data=!4m7!3m6!1s0x2e69f9e83aab4ba1:0x6b3d20bf75d4d0dc!8m2!3d-6.144468!4d106.7018295!16s%2Fg%2F11s3txhpf5!19sChIJoUurOuj5aS4R3NDUdb8gPWs?authuser=0&hl=id&rclk=1
Big Best Pet House,085280758893,pet,pet shop in Jakarta Barat,https://www.google.com/maps/place/Big+Best+Pet+House/data=!4m7!3m6!1s0x2e69f976893d6b67:0xee960c70906e8a5f!8m2!3d-6.1406205!4d106.6918383!16s%2Fg%2F11l2023tdx!19sChIJZ2s9iXb5aS4RX4pukHAMlu4?authuser=0&hl=id&rclk=1
SAKTI AQUATIC,085249709993,pet,pet shop in Jakarta Barat,https://www.google.com/maps/place/SAKTI+AQUATIC/data=!4m7!3m6!1s0x2e6a03465ccef201:0x7a7a4b8ca55a9a1b!8m2!3d-6.1294315!4d106.7037311!16s%2Fg%2F11rcqhr6_k!19sChIJAfLOXEYDai4RG5papYxLeno?authuser=0&hl=id&rclk=1
Golden Pet Shop,087887546786,pet,pet shop in Jakarta Barat,https://www.google.com/maps/place/Golden+Pet+Shop/data=!4m7!3m6!1s0x2e69f96c8bc54ead:0x34a9e5265818681c!8m2!3d-6.1486708!4d106.7044459!16s%2Fg%2F11fhwv472w!19sChIJrU7Fi2z5aS4RHGgYWCblqTQ?authuser=0&hl=id&rclk=1
Tanggul Petshop,081314996159,pet,pet shop in Jakarta Barat,https://www.google.com/maps/place/Tanggul+Petshop/data=!4m7!3m6!1s0x2e69f7de627cdf9f:0xdb5367382c81c92c!8m2!3d-6.1423227!4d106.7499595!16s%2Fg%2F11dz_zh72g!19sChIJn998Yt73aS4RLMmBLDhnU9s?authuser=0&hl=id&rclk=1
Pet shop vinkvris,087882334308,pet,pet shop in Jakarta Barat,https://www.google.com/maps/place/Pet+shop+vinkvris/data=!4m7!3m6!1s0x2e6a1d2e886a9007:0xfcfbdf61abe81d67!8m2!3d-6.1335406!4d106.7293843!16s%2Fg%2F11svrf1d_8!19sChIJB5BqiC4dai4RZx3oq2Hf-_w?authuser=0&hl=id&rclk=1
Jenna zanni petshop,085774503834,pet,pet shop in Jakarta Barat,https://www.google.com/maps/place/Jenna+zanni+petshop/data=!4m7!3m6!1s0x2e69f94eb0fe90f1:0x3e596eda668f92ef!8m2!3d-6.1628967!4d106.7016822!16s%2Fg%2F11zkcwccq0!19sChIJ8ZD-sE75aS4R75KPZtpuWT4?authuser=0&hl=id&rclk=1
CABE RAWIT PETSHOP (CRP),0811344032,pet,pet shop in Jakarta Barat,https://www.google.com/maps/place/CABE+RAWIT+PETSHOP+%28CRP%29/data=!4m7!3m6!1s0x2e69f778a1a86edd:0x1e1811f987c0d!8m2!3d-6.1609619!4d106.742598!16s%2Fg%2F11lz62nggv!19sChIJ3W6ooXj3aS4RDXyYH4HhAQA?authuser=0&hl=id&rclk=1
Nowi Petshop & Grooming Center,081293331419,pet,pet shop in Jakarta Barat,https://www.google.com/maps/place/Nowi+Petshop+%26+Grooming+Center/data=!4m7!3m6!1s0x2e69f745319ef9bf:0x78ae025c281a0aff!8m2!3d-6.1634579!4d106.725605!16s%2Fg%2F11h1z1ylmf!19sChIJv_meMUX3aS4R_woaKFwCrng?authuser=0&hl=id&rclk=1
RC Petshop,085187367309,pet,pet shop in Jakarta Barat,https://www.google.com/maps/place/RC+Petshop/data=!4m7!3m6!1s0x2e69f62c1b676f41:0xe69b305cd816528b!8m2!3d-6.1477848!4d106.7804488!16s%2Fg%2F11fylntwn5!19sChIJQW9nGyz2aS4Ri1IW2Fwwm-Y?authuser=0&hl=id&rclk=1
Kay pet shop and care,081226047488,pet,pet shop in Jakarta Barat,https://www.google.com/maps/place/Kay+pet+shop+and+care/data=!4m7!3m6!1s0x2e6a031354fbfbc5:0x90f23787724d1201!8m2!3d-6.1635562!4d106.7232993!16s%2Fg%2F11t40r168c!19sChIJxfv7VBMDai4RARJNcoc38pA?authuser=0&hl=id&rclk=1
Wish me mell Petshop,088211994320,pet,pet shop in Jakarta Barat,https://www.google.com/maps/place/Wish+me+mell+Petshop/data=!4m7!3m6!1s0x2e69f7494299f585:0x9981770f0df00492!8m2!3d-6.1515698!4d106.7485435!16s%2Fg%2F11qwt_nnq1!19sChIJhfWZQkn3aS4RkgTwDQ93gZk?authuser=0&hl=id&rclk=1
Eza lovebird,089675927994,pet,pet shop in Jakarta Barat,https://www.google.com/maps/place/Eza+lovebird/data=!4m7!3m6!1s0x2e6a0387dbb90527:0x12d5a2d69c8dffec!8m2!3d-6.118555!4d106.71004!16s%2Fg%2F11sbz1shrw!19sChIJJwW524cDai4R7P-NnNai1RI?authuser=0&hl=id&rclk=1
EVO Petshop Puri,081311881381,pet,pet shop in Jakarta Barat,https://www.google.com/maps/place/EVO+Petshop+Puri/data=!4m7!3m6!1s0x2e69f7d389da48ad:0x2c06d89a8b1eacc4!8m2!3d-6.1830539!4d106.7504857!16s%2Fg%2F11fj2mtxjl!19sChIJrUjaidP3aS4RxKwei5rYBiw?authuser=0&hl=id&rclk=1
Noel Petshop,082298334545,pet,pet shop in Jakarta Barat,https://www.google.com/maps/place/Noel+Petshop/data=!4m7!3m6!1s0x2e69f649a052fa4b:0x43e07fc7ce185ac9!8m2!3d-6.1599173!4d106.7782366!16s%2Fg%2F11ckkzhl41!19sChIJS_pSoEn2aS4RyVoYzsd_4EM?authuser=0&hl=id&rclk=1
Halilintar Petshop,085282864147,pet,pet shop in Jakarta Barat,https://www.google.com/maps/place/Halilintar+Petshop/data=!4m7!3m6!1s0x2e69f9671bc51fd5:0x59dec3ec13ae4711!8m2!3d-6.1719252!4d106.7063078!16s%2Fg%2F11y40vf0hn!19sChIJ1R_FG2f5aS4REUeuE-zD3lk?authuser=0&hl=id&rclk=1
Buana Pet Shop,085716921999,pet,pet shop in Jakarta Barat,https://www.google.com/maps/place/Buana+Pet+Shop/data=!4m7!3m6!1s0x2e69f7d1327124db:0xca776927c3d36dda!8m2!3d-6.1755853!4d106.7216665!16s%2Fg%2F11f5h2t4vk!19sChIJ2yRxMtH3aS4R2m3Twydpd8o?authuser=0&hl=id&rclk=1
GEMOY PETS MART,081288086126,pet,pet shop in Jakarta Barat,https://www.google.com/maps/place/GEMOY+PETS+MART/data=!4m7!3m6!1s0x2e69f9137530ba1d:0x472b6589402a4af5!8m2!3d-6.1779015!4d106.7123109!16s%2Fg%2F11spvw5tfy!19sChIJHbowdRP5aS4R9UoqQIllK0c?authuser=0&hl=id&rclk=1
Ben & Button Specialty Pet Shop,082269998808,pet,pet shop in Jakarta Barat,https://www.google.com/maps/place/Ben+%26+Button+Specialty+Pet+Shop/data=!4m7!3m6!1s0x2e69f700183d824d:0x3cf71515e300074e!8m2!3d-6.172942!4d106.7659776!16s%2Fg%2F11w9py7qtj!19sChIJTYI9GAD3aS4RTgcA4xUV9zw?authuser=0&hl=id&rclk=1
LALUVU PET SHOP,0811820827,pet,pet shop in Jakarta Barat,https://www.google.com/maps/place/LALUVU+PET+SHOP/data=!4m7!3m6!1s0x2e69f71c113f8601:0xb82ca40a83ad001f!8m2!3d-6.1758428!4d106.7988313!16s%2Fg%2F11rg7rx5f3!19sChIJAYY_ERz3aS4RHwCtgwqkLLg?authuser=0&hl=id&rclk=1
Toko hewan,083111302369,pet,pet shop in Jakarta Barat,https://www.google.com/maps/place/Toko+hewan/data=!4m7!3m6!1s0x2e69f9f7dce51dc5:0xbc8c874f178eff0!8m2!3d-6.1563216!4d106.7041609!16s%2Fg%2F11t0t4m77l!19sChIJxR3l3Pf5aS4R8O948XTIyAs?authuser=0&hl=id&rclk=1
GM Pet Shop - Kebun Jeruk Bedjo petshop,08118339032,pet,pet shop in Jakarta Barat,https://www.google.com/maps/place/GM+Pet+Shop+-+Kebun+Jeruk+Bedjo+petshop/data=!4m7!3m6!1s0x2e69f71f16849947:0xd3a077227d778c09!8m2!3d-6.1968211!4d106.7681012!16s%2Fg%2F11b7qp22k5!19sChIJR5mEFh_3aS4RCYx3fSJ3oNM?authuser=0&hl=id&rclk=1
Berkah Jaya Petshop,085210653534,pet,pet shop in Jakarta Barat,https://www.google.com/maps/place/Berkah+Jaya+Petshop/data=!4m7!3m6!1s0x2e69f91f997498d3:0x7ed440a9d36c6ac1!8m2!3d-6.1676471!4d106.7050438!16s%2Fg%2F11st8fjctx!19sChIJ05h0mR_5aS4RwWps06lA1H4?authuser=0&hl=id&rclk=1
Kimmy Petshop,088211994320,pet,pet shop in Jakarta Barat,https://www.google.com/maps/place/Kimmy+Petshop/data=!4m7!3m6!1s0x2e69f7c28178f651:0xf00a84a2bf1602a5!8m2!3d-6.1621971!4d106.7476314!16s%2Fg%2F11sscyt9d4!19sChIJUfZ4gcL3aS4RpQIWv6KECvA?authuser=0&hl=id&rclk=1
Bb Petshop Tomang,085219222536,pet,pet shop in Jakarta Barat,https://www.google.com/maps/place/Bb+Petshop+Tomang/data=!4m7!3m6!1s0x2e69f73847e5375d:0xe453c56fb228b2b!8m2!3d-6.175495!4d106.798881!16s%2Fg%2F11f62lyw28!19sChIJXTflRzj3aS4RK4si-1Y8RQ4?authuser=0&hl=id&rclk=1
MOMOGI PET SHOP,085777917865,pet,pet shop in Jakarta Barat,https://www.google.com/maps/place/MOMOGI+PET+SHOP/data=!4m7!3m6!1s0x2e69f7f2d5a4cc49:0x25b1dfeecdc67947!8m2!3d-6.1608936!4d106.7491649!16s%2Fg%2F11q_m7g50p!19sChIJScyk1fL3aS4RR3nGze7fsSU?authuser=0&hl=id&rclk=1
Ariesta Dental Care Citra Garden 6,082288881223,dokter,dokter gigi in Jakarta Barat,https://www.google.com/maps/place/Ariesta+Dental+Care+Citra+Garden+6/data=!4m7!3m6!1s0x2e69f7aef1ae921f:0x5e49248d65d5a8f0!8m2!3d-6.1257431!4d106.711388!16s%2Fg%2F11hbkjghws!19sChIJH5Ku8a73aS4R8KjVZY0kSV4?authuser=0&hl=id&rclk=1
Cherish dental care,087887700077,dokter,dokter gigi in Jakarta Barat,https://www.google.com/maps/place/Cherish+dental+care/data=!4m7!3m6!1s0x2e6a0384f79cfc99:0xe5bcb920903823a!8m2!3d-6.1247805!4d106.7111473!16s%2Fg%2F11c1jtjdbn!19sChIJmfyc94QDai4ROoIDCZLLWw4?authuser=0&hl=id&rclk=1
Daryo Dental Specialist,087777756161,dokter,dokter gigi in Jakarta Barat,https://www.google.com/maps/place/Daryo+Dental+Specialist/data=!4m7!3m6!1s0x2e6a03eebf378227:0x4bee638524292a06!8m2!3d-6.1260461!4d106.7126684!16s%2Fg%2F11fl9hh972!19sChIJJ4I3v-4Dai4RBiopJIVj7ks?authuser=0&hl=id&rclk=1
"Praktek Dokter Gigi Drg. Victor Emmanuel, Sp.Perio",081210877626,dokter,dokter gigi in Jakarta Barat,"https://www.google.com/maps/place/Praktek+Dokter+Gigi+Drg.+Victor+Emmanuel,+Sp.Perio/data=!4m7!3m6!1s0x2e6a02a895c62d51:0x12b97afbbe8da985!8m2!3d-6.1354692!4d106.7128767!16s%2Fg%2F11cn5nwm39!19sChIJUS3GlagCai4RhamNvvt6uRI?authuser=0&hl=id&rclk=1"
Glories Dental,081314425881,dokter,dokter gigi in Jakarta Barat,https://www.google.com/maps/place/Glories+Dental/data=!4m7!3m6!1s0xa87f925785e3c863:0x3762c88bd790c0d5!8m2!3d-6.1283769!4d106.7041758!16s%2Fg%2F11v0jg1grk!19sChIJY8jjhVeSf6gR1cCQ14vIYjc?authuser=0&hl=id&rclk=1
Drg. Benny HD,0817733387,dokter,dokter gigi in Jakarta Barat,https://www.google.com/maps/place/Drg.+Benny+HD/data=!4m7!3m6!1s0x2e6a02b99765b751:0xea0d028da63e06f6!8m2!3d-6.1228533!4d106.7095167!16s%2Fg%2F11g725z7tq!19sChIJUbdll7kCai4R9gY-po0CDeo?authuser=0&hl=id&rclk=1
AM Dental Care,081779119191,dokter,dokter gigi in Jakarta Barat,https://www.google.com/maps/place/AM+Dental+Care/data=!4m7!3m6!1s0x2e69f7fe3966fcb3:0x5ac51ab1cbd723fc!8m2!3d-6.1396924!4d106.7273135!16s%2Fg%2F11tb601kqd!19sChIJs_xmOf73aS4R_CPXy7EaxVo?authuser=0&hl=id&rclk=1
Klinik Gigi Valencia (Pratama),081286902952,dokter,dokter gigi in Jakarta Barat,https://www.google.com/maps/place/Klinik+Gigi+Valencia+%28Pratama%29/data=!4m7!3m6!1s0x2e69f9000569787b:0xd357ea9395a64cf!8m2!3d-6.1483636!4d106.7107102!16s%2Fg%2F11y5ywgvz4!19sChIJe3hpBQD5aS4Rz2RaOal-NQ0?authuser=0&hl=id&rclk=1
Drg.Roslan Benjamin,081317179559,dokter,dokter gigi in Jakarta Barat,https://www.google.com/maps/place/Drg.Roslan+Benjamin/data=!4m7!3m6!1s0x2e6a02a94d42f19f:0x6434589cfe6a863c!8m2!3d-6.134029!4d106.7169083!16s%2Fg%2F11b7wn0_sq!19sChIJn_FCTakCai4RPIZq_pxYNGQ?authuser=0&hl=id&rclk=1
Klinik Gigi Depan Apartement Puri Indah,085100675005,dokter,dokter gigi in Jakarta Barat,https://www.google.com/maps/place/Klinik+Gigi+Depan+Apartement+Puri+Indah/data=!4m7!3m6!1s0x2e6a02a7b5a84acd:0xca2cf94f66815d20!8m2!3d-6.1369345!4d106.7100042!16s%2Fg%2F11gdrdc2cy!19sChIJzUqotacCai4RIF2BZk_5LMo?authuser=0&hl=id&rclk=1
praktek dokter gigi fitria (pipit ),081213164040,dokter,dokter gigi in Jakarta Barat,https://www.google.com/maps/place/praktek+dokter+gigi+fitria+%28pipit+%29/data=!4m7!3m6!1s0x2e6a0356c3dad033:0x2b5afcb968320a4f!8m2!3d-6.1197782!4d106.717101!16s%2Fg%2F11mc5jv7cq!19sChIJM9Daw1YDai4RTwoyaLn8Wis?authuser=0&hl=id&rclk=1
Rajawali Dental Kalideres - Klinik Gigi,081908715314,dokter,dokter gigi in Jakarta Barat,https://www.google.com/maps/place/Rajawali+Dental+Kalideres+-+Klinik+Gigi/data=!4m7!3m6!1s0x2e69f813bd4acc71:0x64c7efdd8b806f44!8m2!3d-6.153298!4d106.7034236!16s%2Fg%2F11cmvmsjd1!19sChIJccxKvRP4aS4RRG-Ai93vx2Q?authuser=0&hl=id&rclk=1
Dokter Gigi Irma,08568567861,dokter,dokter gigi in Jakarta Barat,https://www.google.com/maps/place/Dokter+Gigi+Irma/data=!4m7!3m6!1s0x2e6a1dc50b47bc33:0xe196e0e979592d2b!8m2!3d-6.1322753!4d106.7289087!16s%2Fg%2F11t1pgh348!19sChIJM7xHC8Udai4RKy1ZeengluE?authuser=0&hl=id&rclk=1
Klinik Dokter Gigi Maret,081314425881,dokter,dokter gigi in Jakarta Barat,https://www.google.com/maps/place/Klinik+Dokter+Gigi+Maret/data=!4m7!3m6!1s0x2e6a03bf137adde7:0xa10c0193b7344ac6!8m2!3d-6.1297757!4d106.7035095!16s%2Fg%2F11pb5sc28t!19sChIJ5916E78Dai4Rxko0t5MBDKE?authuser=0&hl=id&rclk=1
Era Dental Praktek dokter gigi,087777338889,dokter,dokter gigi in Jakarta Barat,https://www.google.com/maps/place/Era+Dental+Praktek+dokter+gigi/data=!4m7!3m6!1s0x2e69f97dd8d2c90d:0xa3725bd9f9dd6118!8m2!3d-6.1478453!4d106.7106798!16s%2Fg%2F11pvp34tv4!19sChIJDcnS2H35aS4RGGHd-dlbcqM?authuser=0&hl=id&rclk=1
MEDIKITA Klinik & Apotek,085714334342,dokter,dokter gigi in Jakarta Barat,https://www.google.com/maps/place/MEDIKITA+Klinik+%26+Apotek/data=!4m7!3m6!1s0x2e6a02bc8f53f209:0x21fa6fb9f4ce4e66!8m2!3d-6.1268565!4d106.70507!16s%2Fg%2F11cmznny8l!19sChIJCfJTj7wCai4RZk7O9Llv-iE?authuser=0&hl=id&rclk=1
Captain Dental Indonesia,087868880669,dokter,dokter gigi in Jakarta Barat,https://www.google.com/maps/place/Captain+Dental+Indonesia/data=!4m7!3m6!1s0x2e69f949f688e203:0x29ba839b9064d808!8m2!3d-6.1444617!4d106.6931402!16s%2Fg%2F11lcvvw9m2!19sChIJA-KI9kn5aS4RCNhkkJuDuik?authuser=0&hl=id&rclk=1
AHLI GIGI DJAYA DENTAL,087888592831,dokter,dokter gigi in Jakarta Barat,https://www.google.com/maps/place/AHLI+GIGI+DJAYA+DENTAL/data=!4m7!3m6!1s0x2e6a02b3f9a87f39:0x7e659f4f18677b19!8m2!3d-6.1239344!4d106.7180654!16s%2Fg%2F11f39fr4q0!19sChIJOX-o-bMCai4RGXtnGE-fZX4?authuser=0&hl=id&rclk=1
Dokter Gigi Imelda,081399331668,dokter,dokter gigi in Jakarta Barat,https://www.google.com/maps/place/Dokter+Gigi+Imelda/data=!4m7!3m6!1s0x2e6a1d2f170b9a1f:0x522702d799b9499e!8m2!3d-6.1370715!4d106.732694!16s%2Fg%2F11f5tbdk99!19sChIJH5oLFy8dai4Rnkm5mdcCJ1I?authuser=0&hl=id&rclk=1
Dr Gigi. Luther,082312973178,dokter,dokter gigi in Jakarta Barat,https://www.google.com/maps/place/Dr+Gigi.+Luther/data=!4m7!3m6!1s0x2e69f9374a9a87b5:0xb87834fc47ed4831!8m2!3d-6.1500667!4d106.7185058!16s%2Fg%2F11gk69xnwf!19sChIJtYeaSjf5aS4RMUjtR_w0eLg?authuser=0&hl=id&rclk=1
Praktek Dokter Gigi Jeffrey & Imelda Purnama,081298562592,dokter,dokter gigi in Jakarta Barat,https://www.google.com/maps/place/Praktek+Dokter+Gigi+Jeffrey+%26+Imelda+Purnama/data=!4m7!3m6!1s0x2e6a03188b7e1ceb:0xd64fbccea52e9dbb!8m2!3d-6.1328552!4d106.7044246!16s%2Fg%2F11xrkcmr7g!19sChIJ6xx-ixgDai4Ru50upc68T9Y?authuser=0&hl=id&rclk=1
Dokter Gigi Kalideres - Drg Nandy Wibowo,081807400090,dokter,dokter gigi in Jakarta Barat,https://www.google.com/maps/place/Dokter+Gigi+Kalideres+-+Drg+Nandy+Wibowo/data=!4m7!3m6!1s0x2e69f80e0cf19de1:0xfe52d48521738005!8m2!3d-6.1490863!4d106.7060053!16s%2Fg%2F11bwh5bp9l!19sChIJ4Z3xDA74aS4RBYBzIYXUUv4?authuser=0&hl=id&rclk=1
Klinik drg.Erista Mariana Situmorang,081210019422,dokter,dokter gigi in Jakarta Barat,https://www.google.com/maps/place/Klinik+drg.Erista+Mariana+Situmorang/data=!4m7!3m6!1s0x2e69f962cabf9987:0xc431256281f359ef!8m2!3d-6.1548145!4d106.7035227!16s%2Fg%2F11h79jyjsf!19sChIJh5m_ymL5aS4R71nzgWIlMcQ?authuser=0&hl=id&rclk=1
Praktik Dokter Gigi drg. Dirga Radita,08989391303,dokter,dokter gigi in Jakarta Barat,https://www.google.com/maps/place/Praktik+Dokter+Gigi+drg.+Dirga+Radita/data=!4m7!3m6!1s0x2e69f93a5a7fa4a1:0x9d4a84cefed1c926!8m2!3d-6.1719447!4d106.7128052!16s%2Fg%2F11vc4v1bf9!19sChIJoaR_Wjr5aS4RJsnR_s6ESp0?authuser=0&hl=id&rclk=1
"drg.Mellisa, Sp.KG Dental Care",081818909191,dokter,dokter gigi in Jakarta Barat,"https://www.google.com/maps/place/drg.Mellisa,+Sp.KG+Dental+Care/data=!4m7!3m6!1s0x2e6a1d89bec42419:0x8fd402b32d65472c!8m2!3d-6.1354556!4d106.7355809!16s%2Fg%2F11fjtp1d8y!19sChIJGSTEvokdai4RLEdlLbMC1I8?authuser=0&hl=id&rclk=1"
Praktek Dokter Gigi Drg. Yopi,087885331950,dokter,dokter gigi in Jakarta Barat,https://www.google.com/maps/place/Praktek+Dokter+Gigi+Drg.+Yopi/data=!4m7!3m6!1s0x2e69f82624458d3b:0xa786e112dfb9268!8m2!3d-6.1689527!4d106.71953!16s%2Fg%2F11b5qvkf1j!19sChIJO41FJCb4aS4RaJL7LRFueAo?authuser=0&hl=id&rclk=1
Klinik Dental Gigi Plaza De Lumina,087889812305,dokter,dokter gigi in Jakarta Barat,https://www.google.com/maps/place/Klinik+Dental+Gigi+Plaza+De+Lumina/data=!4m7!3m6!1s0x2e69f706f2e96837:0x9f8991f50159af13!8m2!3d-6.1643481!4d106.7263203!16s%2Fg%2F11fjyxjd9t!19sChIJN2jp8gb3aS4RE69ZAfWRiZ8?authuser=0&hl=id&rclk=1
Pearl Dental Clinic,087808554112,dokter,dokter gigi in Jakarta Barat,https://www.google.com/maps/place/Pearl+Dental+Clinic/data=!4m7!3m6!1s0x2e6a1d5abc5ef1a1:0xd31464c6600adf5e!8m2!3d-6.1293398!4d106.7361874!16s%2Fg%2F11gc9pb6h2!19sChIJofFevFodai4RXt8KYMZkFNM?authuser=0&hl=id&rclk=1
Praktek Dokter Gigi 21K,081807340999,dokter,dokter gigi in Jakarta Barat,https://www.google.com/maps/place/Praktek+Dokter+Gigi+21K/data=!4m7!3m6!1s0x2e69f8347e7be0bb:0xad47fed4969d54ee!8m2!3d-6.177291!4d106.7081626!16s%2Fg%2F1hm681cd0!19sChIJu-B7fjT4aS4R7lSdltT-R60?authuser=0&hl=id&rclk=1
Tooths Kingdom Dental Care Grogol | Dokter Gigi Jelambar Duta Mas Jakarta Barat,08128899712,dokter,dokter gigi in Jakarta Barat,https://www.google.com/maps/place/Tooths+Kingdom+Dental+Care+Grogol+%7C+Dokter+Gigi+Jelambar+Duta+Mas+Jakarta+Barat/data=!4m7!3m6!1s0x2e69f63041c79299:0xd294ab2abe3b7886!8m2!3d-6.1524322!4d106.7803865!16s%2Fg%2F1pzs1ztdm!19sChIJmZLHQTD2aS4Rhng7viqrlNI?authuser=0&hl=id&rclk=1
Kurnia Dental Kawat Gigi,087750344915,dokter,dokter gigi in Jakarta Barat,https://www.google.com/maps/place/Kurnia+Dental+Kawat+Gigi/data=!4m7!3m6!1s0x2e69f7bdf7b5319f:0xf0c210c816211200!8m2!3d-6.1643636!4d106.7471186!16s%2Fg%2F11qg2922bx!19sChIJnzG19733aS4RABIhFsgQwvA?authuser=0&hl=id&rclk=1
AHLI GIGI ARFAN DENTAL,081219109640,dokter,dokter gigi in Jakarta Barat,https://www.google.com/maps/place/AHLI+GIGI+ARFAN+DENTAL/data=!4m7!3m6!1s0x2e69f70a5741e7bd:0x9dc8f84cdcacd369!8m2!3d-6.1807751!4d106.7502797!16s%2Fg%2F11lh1yr_ht!19sChIJvedBVwr3aS4RadOs3Ez4yJ0?authuser=0&hl=id&rclk=1
Dokter Gigi Nina Lanita,085101856753,dokter,dokter gigi in Jakarta Barat,https://www.google.com/maps/place/Dokter+Gigi+Nina+Lanita/data=!4m7!3m6!1s0x2e69f82e680aacc5:0x28911f887f4b4009!8m2!3d-6.1736853!4d106.7138431!16s%2Fg%2F11c59py1gn!19sChIJxawKaC74aS4RCUBLf4gfkSg?authuser=0&hl=id&rclk=1
Dental KING,081318718783,dokter,dokter gigi in Jakarta Barat,https://www.google.com/maps/place/Dental+KING/data=!4m7!3m6!1s0x2e69f64c9238f433:0x3b209f57cbda49af!8m2!3d-6.1639056!4d106.7720242!16s%2Fg%2F11bztczszm!19sChIJM_Q4kkz2aS4Rr0nay1efIDs?authuser=0&hl=id&rclk=1
Praktek Dokter Gigi drg.Aisah Bibi,083897330446,dokter,dokter gigi in Jakarta Barat,https://www.google.com/maps/place/Praktek+Dokter+Gigi+drg.Aisah+Bibi/data=!4m7!3m6!1s0x2e69f7169aeb6165:0x74c265b959d524db!8m2!3d-6.1826456!4d106.7658668!16s%2Fg%2F11v6fmwp21!19sChIJZWHrmhb3aS4R2yTVWbllwnQ?authuser=0&hl=id&rclk=1
"Drg. Christian Lokita, Sp.Pros (Praktek Dokter Gigi Spesialis)",082110656928,dokter,dokter gigi in Jakarta Barat,"https://www.google.com/maps/place/Drg.+Christian+Lokita,+Sp.Pros+%28Praktek+Dokter+Gigi+Spesialis%29/data=!4m7!3m6!1s0x2e69f7748315d051:0x8fd633543f4c769d!8m2!3d-6.1757614!4d106.7899281!16s%2Fg%2F11frnwzfqn!19sChIJUdAVg3T3aS4RnXZMP1Qz1o8?authuser=0&hl=id&rclk=1"
Klinik Gigi Dental Solution,081325819191,dokter,dokter gigi in Jakarta Barat,https://www.google.com/maps/place/Klinik+Gigi+Dental+Solution/data=!4m7!3m6!1s0x2e69f7b2221961a9:0x9443e87bc4eddcc2!8m2!3d-6.1668214!4d106.7652234!16s%2Fg%2F11byflm6ss!19sChIJqWEZIrL3aS4RwtztxHvoQ5Q?authuser=0&hl=id&rclk=1
Ahli Gigi,08175022310,dokter,dokter gigi in Jakarta Barat,https://www.google.com/maps/place/Ahli+Gigi/data=!4m7!3m6!1s0x2e69f719f3b13b81:0x50132e599d0eddb4!8m2!3d-6.1432165!4d106.7424112!16s%2Fg%2F11h79kmp35!19sChIJgTux8xn3aS4RtN0OnVkuE1A?authuser=0&hl=id&rclk=1
"Praktek Dokter Gigi drg. Esther Esti P., Sp.KG (Spesialis Konservasi Gigi Endodontist)",081510092231,dokter,dokter gigi in Jakarta Barat,"https://www.google.com/maps/place/Praktek+Dokter+Gigi+drg.+Esther+Esti+P.,+Sp.KG+%28Spesialis+Konservasi+Gigi+Endodontist%29/data=!4m7!3m6!1s0x2e69f6699213c3bf:0x5e25405050e83327!8m2!3d-6.1654345!4d106.7968835!16s%2Fg%2F11b75jmwz3!19sChIJv8MTkmn2aS4RJzPoUFBAJV4?authuser=0&hl=id&rclk=1"
Hope Orthodontics & Dental Care,081912349191,dokter,dokter gigi in Jakarta Barat,https://www.google.com/maps/place/Hope+Orthodontics+%26+Dental+Care/data=!4m7!3m6!1s0x2e69f796ae3bd513:0xe11a46e538a40870!8m2!3d-6.1689267!4d106.7591507!16s%2Fg%2F11nnhbf45q!19sChIJE9U7rpb3aS4RcAikOOVGGuE?authuser=0&hl=id&rclk=1
Dokter Gigi Fenny Tjitra drg,085103609783,dokter,dokter gigi in Jakarta Barat,https://www.google.com/maps/place/Dokter+Gigi+Fenny+Tjitra+drg/data=!4m7!3m6!1s0x2e69f7b17dd65bd7:0xf2eb13f85f5efb22!8m2!3d-6.1652608!4d106.7645745!16s%2Fg%2F11bysjnxhd!19sChIJ11vWfbH3aS4RIvteX_gT6_I?authuser=0&hl=id&rclk=1
drg Johannes Y Rachmat,0818109063,dokter,dokter gigi in Jakarta Barat,https://www.google.com/maps/place/drg+Johannes+Y+Rachmat/data=!4m7!3m6!1s0x2e69f7ae378efdb7:0x4a3b1d72cbca29cf!8m2!3d-6.1690889!4d106.7623349!16s%2Fg%2F1tdt3wg3!19sChIJt_2ON673aS4RzynKy3IdO0o?authuser=0&hl=id&rclk=1
Dokter Gigi Sulistyowati,081932367500,dokter,dokter gigi in Jakarta Barat,https://www.google.com/maps/place/Dokter+Gigi+Sulistyowati/data=!4m7!3m6!1s0x2e69f7e729155b6b:0xab960500aba7a5d1!8m2!3d-6.1776103!4d106.7638656!16s%2Fg%2F11jy4c1732!19sChIJa1sVKef3aS4R0aWnqwAFlqs?authuser=0&hl=id&rclk=1
Osaka Dental | Klinik Dokter Gigi Jakarta Barat,087876128286,dokter,dokter gigi in Jakarta Barat,https://www.google.com/maps/place/Osaka+Dental+%7C+Klinik+Dokter+Gigi+Jakarta+Barat/data=!4m7!3m6!1s0x2e69f70c46b34dd1:0xc80f6de9996ba5a1!8m2!3d-6.1903148!4d106.752477!16s%2Fg%2F11g8_05__1!19sChIJ0U2zRgz3aS4RoaVrmeltD8g?authuser=0&hl=id&rclk=1
Hadi's GYM,087880363599,gym,gym in Jakarta Barat,https://www.google.com/maps/place/Hadi%27s+GYM/data=!4m7!3m6!1s0x2e6a02aea1cc4b51:0x44f97794c95c79bc!8m2!3d-6.1326753!4d106.7173461!16s%2Fg%2F11dx8yysn0!19sChIJUUvMoa4Cai4RvHlcyZR3-UQ?authuser=0&hl=id&rclk=1
House gym,085782313838,gym,gym in Jakarta Barat,https://www.google.com/maps/place/House+gym/data=!4m7!3m6!1s0x2e6a031939c84357:0x92d1f2a46126efb4!8m2!3d-6.1216276!4d106.7159647!16s%2Fg%2F11qqj6md3k!19sChIJV0PIORkDai4RtO8mYaTy0ZI?authuser=0&hl=id&rclk=1
Corefit__gym,089678878874,gym,gym in Jakarta Barat,https://www.google.com/maps/place/Corefit__gym/data=!4m7!3m6!1s0x2e6a03b3c7e30cad:0x6d6f29d81fdadb75!8m2!3d-6.1357443!4d106.7058039!16s%2Fg%2F11kbt046yr!19sChIJrQzjx7MDai4RddvaH9gpb20?authuser=0&hl=id&rclk=1
Panji GYM,085710105198,gym,gym in Jakarta Barat,https://www.google.com/maps/place/Panji+GYM/data=!4m7!3m6!1s0x2e69f9bd28d23c65:0x2b7b1017027ac852!8m2!3d-6.1281276!4d106.6932746!16s%2Fg%2F11vrxc_gbw!19sChIJZTzSKL35aS4RUsh6AhcQeys?authuser=0&hl=id&rclk=1
"Coaching Running, Swimming, Gym",081280098309,gym,gym in Jakarta Barat,"https://www.google.com/maps/place/Coaching+Running,+Swimming,+Gym/data=!4m7!3m6!1s0x2e6a030035ca4d21:0x7ab74627ba71743d!8m2!3d-6.1263421!4d106.7031284!16s%2Fg%2F11yxxsw2jp!19sChIJIU3KNQADai4RPXRxuidGt3o?authuser=0&hl=id&rclk=1"
Duta Club,081310815959,gym,gym in Jakarta Barat,https://www.google.com/maps/place/Duta+Club/data=!4m7!3m6!1s0x2e6a032148698eeb:0xcf9079384099b1e3!8m2!3d-6.1241324!4d106.7216832!16s%2Fg%2F11rxj89w89!19sChIJ645pSCEDai4R47GZQDh5kM8?authuser=0&hl=id&rclk=1
BLACKBULL TRAINING CAMP MUAYTHAI,087732493913,gym,gym in Jakarta Barat,https://www.google.com/maps/place/BLACKBULL+TRAINING+CAMP+MUAYTHAI/data=!4m7!3m6!1s0x2e6a03e01928f779:0xa3b7ef98b636c55f!8m2!3d-6.137245!4d106.722676!16s%2Fg%2F11ss_vhv4n!19sChIJefcoGeADai4RX8U2tpjvt6M?authuser=0&hl=id&rclk=1
Studio 27,08987475499,gym,gym in Jakarta Barat,https://www.google.com/maps/place/Studio+27/data=!4m7!3m6!1s0x2e6a1d6583e565eb:0x758ad06097bd01da!8m2!3d-6.1232305!4d106.7220231!16s%2Fg%2F11y3kckr6w!19sChIJ62Xlg2Udai4R2gG9l2DQinU?authuser=0&hl=id&rclk=1
Pepo Gym,0818795184,gym,gym in Jakarta Barat,https://www.google.com/maps/place/Pepo+Gym/data=!4m7!3m6!1s0x2e69f7e3647f04dd:0x310e7f1293b8c2f!8m2!3d-6.1430017!4d106.7371672!16s%2Fg%2F11gdm6jc42!19sChIJ3QR_ZOP3aS4RL4w7KfHnEAM?authuser=0&hl=id&rclk=1
ONEMORE GYM,088206258651,gym,gym in Jakarta Barat,https://www.google.com/maps/place/ONEMORE+GYM/data=!4m7!3m6!1s0x2e69f76a54544cbd:0xf4ca327fede725f6!8m2!3d-6.1400052!4d106.7389729!16s%2Fg%2F11l2xty_y4!19sChIJvUxUVGr3aS4R9iXn7X8yyvQ?authuser=0&hl=id&rclk=1
HERBALIFE MENCENG -JAKARTA BERSAMA COACH AMANDA,089630324676,gym,gym in Jakarta Barat,https://www.google.com/maps/place/HERBALIFE+MENCENG+-JAKARTA+BERSAMA+COACH+AMANDA/data=!4m7!3m6!1s0x2e69f947770000ef:0x197c5e67363b4a2c!8m2!3d-6.1287156!4d106.7250134!16s%2Fg%2F11jv8dq9mp!19sChIJ7wAAd0f5aS4RLEo7NmdefBk?authuser=0&hl=id&rclk=1
Jakarta Barat Wall Climbing Park,085744001204,gym,gym in Jakarta Barat,https://www.google.com/maps/place/Jakarta+Barat+Wall+Climbing+Park/data=!4m7!3m6!1s0x2e69f9de1e01bb7d:0x24d98f3273754ef7!8m2!3d-6.143716!4d106.720879!16s%2Fg%2F11jcw7t0cb!19sChIJfbsBHt75aS4R9051czKP2SQ?authuser=0&hl=id&rclk=1
Qys Gym,081293228500,gym,gym in Jakarta Barat,https://www.google.com/maps/place/Qys+Gym/data=!4m7!3m6!1s0x2e69f7eec25ebc6f:0xe71c7ea732da1dc1!8m2!3d-6.1517594!4d106.7397665!16s%2Fg%2F11bzsdl98f!19sChIJb7xewu73aS4RwR3aMqd-HOc?authuser=0&hl=id&rclk=1
Maxx Gym Fitness Center & Aerobic Center,081585119990,gym,gym in Jakarta Barat,https://www.google.com/maps/place/Maxx+Gym+Fitness+Center+%26+Aerobic+Center/data=!4m7!3m6!1s0x2e69f7928e21fd89:0x85493143029cccac!8m2!3d-6.16063!4d106.7362145!16s%2Fg%2F1hm58bbyf!19sChIJif0hjpL3aS4RrMycAkMxSYU?authuser=0&hl=id&rclk=1
GROSIR ALAT FITNES JAKARTA,081774165269,gym,gym in Jakarta Barat,https://www.google.com/maps/place/GROSIR+ALAT+FITNES+JAKARTA/data=!4m7!3m6!1s0x2e69f90400aac6ad:0xdb677b5ecb2ee86a!8m2!3d-6.1437744!4d106.7223391!16s%2Fg%2F11w9t_bqlb!19sChIJrcaqAAT5aS4Rauguy157Z9s?authuser=0&hl=id&rclk=1
RAIN GYM SEMANAN,081280978583,gym,gym in Jakarta Barat,https://www.google.com/maps/place/RAIN+GYM+SEMANAN/data=!4m7!3m6!1s0x2e69f9b008aaae43:0x14989c02d74c6f21!8m2!3d-6.1724323!4d106.6978656!16s%2Fg%2F11qm3qk0m8!19sChIJQ66qCLD5aS4RIW9M1wKcmBQ?authuser=0&hl=id&rclk=1
Reka gym,081296327776,gym,gym in Jakarta Barat,https://www.google.com/maps/place/Reka+gym/data=!4m7!3m6!1s0x2e69f7e93e006d93:0xcfa8e04d3a3f2a4b!8m2!3d-6.153442!4d106.7487655!16s%2Fg%2F11rwrhtxg_!19sChIJk20APun3aS4RSyo_Ok3gqM8?authuser=0&hl=id&rclk=1
Putra Salbani Gym,081289911177,gym,gym in Jakarta Barat,https://www.google.com/maps/place/Putra+Salbani+Gym/data=!4m7!3m6!1s0x2e69f833a151733f:0x8390c94aa12e2646!8m2!3d-6.1773693!4d106.7075628!16s%2Fg%2F11b5r8xx0f!19sChIJP3NRoTP4aS4RRiYuoUrJkIM?authuser=0&hl=id&rclk=1
Seventeen GYM,081382387324,gym,gym in Jakarta Barat,https://www.google.com/maps/place/Seventeen+GYM/data=!4m7!3m6!1s0x2e69f6322ce0544d:0x58b66aa46632e267!8m2!3d-6.1502909!4d106.7795107!16s%2Fg%2F11b8v4m7j2!19sChIJTVTgLDL2aS4RZ-IyZqRqtlg?authuser=0&hl=id&rclk=1
Metamorgana Fitness club,082110780705,gym,gym in Jakarta Barat,https://www.google.com/maps/place/Metamorgana+Fitness+club/data=!4m7!3m6!1s0x2e69f78e553336e7:0x4bd4f4d1a39d467d!8m2!3d-6.1733354!4d106.7334381!16s%2Fg%2F11j2n8gl1h!19sChIJ5zYzVY73aS4RfUado9H01Es?authuser=0&hl=id&rclk=1
Fitry Fitness,081210442743,gym,gym in Jakarta Barat,https://www.google.com/maps/place/Fitry+Fitness/data=!4m7!3m6!1s0x2e69f9d588c5638d:0xd5a292b2e0ab434d!8m2!3d-6.182853!4d106.7230901!16s%2Fg%2F11b5r8f_0p!19sChIJjWPFiNX5aS4RTUOr4LKSotU?authuser=0&hl=id&rclk=1
RD Gym (Ricky Daud Gym),089601848009,gym,gym in Jakarta Barat,https://www.google.com/maps/place/RD+Gym+%28Ricky+Daud+Gym%29/data=!4m7!3m6!1s0x2e69f7a0d92e5759:0x220ffb7c0866883f!8m2!3d-6.1475782!4d106.7750611!16s%2Fg%2F11h3zn43k8!19sChIJWVcu2aD3aS4RP4hmCHz7DyI?authuser=0&hl=id&rclk=1
MERAH PUTIH gym & caffee,082310908328,gym,gym in Jakarta Barat,https://www.google.com/maps/place/MERAH+PUTIH+gym+%26+caffee/data=!4m7!3m6!1s0x2e69f91eae54eaed:0x648baa871f84ea43!8m2!3d-6.1707121!4d106.6781355!16s%2Fg%2F11bwn4d863!19sChIJ7epUrh75aS4RQ-qEH4eqi2Q?authuser=0&hl=id&rclk=1
Family Gym,089652332157,gym,gym in Jakarta Barat,https://www.google.com/maps/place/Family+Gym/data=!4m7!3m6!1s0x2e69f649d3aff25b:0xc6c7a9f30df2b70c!8m2!3d-6.1577936!4d106.778367!16s%2Fg%2F1hm219vmc!19sChIJW_Kv00n2aS4RDLfyDfOpx8Y?authuser=0&hl=id&rclk=1
RED FITNESS CITRA 8,081717717706,gym,gym in Jakarta Barat,https://www.google.com/maps/place/RED+FITNESS+CITRA+8/data=!4m7!3m6!1s0x2e6a0300059e5df5:0x806f4f68b7009861!8m2!3d-6.1279962!4d106.6914142!16s%2Fg%2F11mcrt9d78!19sChIJ9V2eBQADai4RYZgAt2hPb4A?authuser=0&hl=id&rclk=1
FitZone Gym,081511517148,gym,gym in Jakarta Barat,https://www.google.com/maps/place/FitZone+Gym/data=!4m7!3m6!1s0x2e69f7c7b26e13ff:0x3ead5f7f68cbe92c!8m2!3d-6.2025409!4d106.7392184!16s%2Fg%2F11jjny5r9z!19sChIJ_xNussf3aS4RLOnLaH9frT4?authuser=0&hl=id&rclk=1
KILO GYM Meruya,082280005651,gym,gym in Jakarta Barat,https://www.google.com/maps/place/KILO+GYM+Meruya/data=!4m7!3m6!1s0x2e69f7001adbf3a1:0xcbf4f4028fe182fc!8m2!3d-6.1971683!4d106.7621112!16s%2Fg%2F11yxyq_cyb!19sChIJofPbGgD3aS4R_ILhjwL09Ms?authuser=0&hl=id&rclk=1
Sukha Pilates and Wellness (Lymphatic Drainage Massage),081805189999,gym,gym in Jakarta Barat,https://www.google.com/maps/place/Sukha+Pilates+and+Wellness+%28Lymphatic+Drainage+Massage%29/data=!4m7!3m6!1s0x2e69f7d3ba3095cb:0x9fcaa24095806544!8m2!3d-6.1687464!4d106.763488!16s%2Fg%2F11vs5g73_6!19sChIJy5UwutP3aS4RRGWAlUCiyp8?authuser=0&hl=id&rclk=1
99 fit,08881023695,gym,gym in Jakarta Barat,https://www.google.com/maps/place/99+fit/data=!4m7!3m6!1s0x2e69f768afd6c367:0xb3247f1458720fa5!8m2!3d-6.2002185!4d106.7391384!16s%2Fg%2F11bxfqtn7j!19sChIJZ8PWr2j3aS4RpQ9yWBR_JLM?authuser=0&hl=id&rclk=1
Gaia Studio,081310288548,gym,gym in Jakarta Barat,https://www.google.com/maps/place/Gaia+Studio/data=!4m7!3m6!1s0x2e69f6524b53a7fd:0xe84b60cc563119d5!8m2!3d-6.170361!4d106.7747327!16s%2Fg%2F11c2k397zn!19sChIJ_adTS1L2aS4R1RkxVsxgS-g?authuser=0&hl=id&rclk=1
GROUND Private Training,085222557765,gym,gym in Jakarta Barat,https://www.google.com/maps/place/GROUND+Private+Training/data=!4m7!3m6!1s0x2e69f7457d38111b:0x7d09bd54d2b9da34!8m2!3d-6.1792719!4d106.7571214!16s%2Fg%2F11wbyqxvx9!19sChIJGxE4fUX3aS4RNNq50lS9CX0?authuser=0&hl=id&rclk=1
Mk Japanese Spa Citra 6,081266366887,spa,spa in Jakarta Barat,https://www.google.com/maps/place/Mk+Japanese+Spa+Citra+6/data=!4m7!3m6!1s0x2e6a03f5136dce0d:0x8266b0da125826a9!8m2!3d-6.1260107!4d106.7126782!16s%2Fg%2F11wk1bxcgk!19sChIJDc5tE_UDai4RqSZYEtqwZoI?authuser=0&hl=id&rclk=1
Cendana Sehat Reflexy &Healthy Massage Citra Garden Raya 6,082128495851,spa,spa in Jakarta Barat,https://www.google.com/maps/place/Cendana+Sehat+Reflexy+%26Healthy+Massage+Citra+Garden+Raya+6/data=!4m7!3m6!1s0x2e6a03045bb5d2b3:0xc2cd6623d9fc3f10!8m2!3d-6.1235756!4d106.7094333!16s%2Fg%2F11x_s5phbg!19sChIJs9K1WwQDai4RED_82SNmzcI?authuser=0&hl=id&rclk=1
Reffel Professional Salon,08118988024,spa,spa in Jakarta Barat,https://www.google.com/maps/place/Reffel+Professional+Salon/data=!4m7!3m6!1s0x2e6a02ba1ed7c293:0x7d9b24be1f4498ea!8m2!3d-6.1262171!4d106.7124414!16s%2Fg%2F11bwh5tcf1!19sChIJk8LXHroCai4R6phEH74km30?authuser=0&hl=id&rclk=1
D'MOZE Salon Taman Palem,082310022707,spa,spa in Jakarta Barat,https://www.google.com/maps/place/D%27MOZE+Salon+Taman+Palem/data=!4m7!3m6!1s0x2e6a03d2f579c127:0xc3e576bd8d68e440!8m2!3d-6.1300421!4d106.7156009!16s%2Fg%2F11glxnmr2c!19sChIJJ8F59dIDai4RQORojb125cM?authuser=0&hl=id&rclk=1
Poseidon Spa & Massage,08111221629,spa,spa in Jakarta Barat,https://www.google.com/maps/place/Poseidon+Spa+%26+Massage/data=!4m7!3m6!1s0x2e6a1d512166344d:0x16fdfaee724e5b1c!8m2!3d-6.1324858!4d106.7321669!16s%2Fg%2F11hctgv6qw!19sChIJTTRmIVEdai4RHFtOcu76_RY?authuser=0&hl=id&rclk=1
FEE MASSAGE PALEM,08974577789,spa,spa in Jakarta Barat,https://www.google.com/maps/place/FEE+MASSAGE+PALEM/data=!4m7!3m6!1s0x2e6a1d7c198751d3:0x90ca3ad4e670ebed!8m2!3d-6.1374856!4d106.7336429!16s%2Fg%2F11l4mqv_db!19sChIJ01GHGXwdai4R7etw5tQ6ypA?authuser=0&hl=id&rclk=1
Beauty Spa Besty,081289095366,spa,spa in Jakarta Barat,https://www.google.com/maps/place/Beauty+Spa+Besty/data=!4m7!3m6!1s0x2e69f94161aca711:0x281a3ac0e72d59b2!8m2!3d-6.141351!4d106.694508!16s%2Fg%2F11y9xm0645!19sChIJEaesYUH5aS4Rslkt58A6Gig?authuser=0&hl=id&rclk=1
Pijat Urut Bu Yani,085809653027,spa,spa in Jakarta Barat,https://www.google.com/maps/place/Pijat+Urut+Bu+Yani/data=!4m7!3m6!1s0x2e69f739a2fabfa1:0x57ff9c1b785d470b!8m2!3d-6.126971!4d106.725375!16s%2Fg%2F11w4y7tgz4!19sChIJob_6ojn3aS4RC0ddeBuc_1c?authuser=0&hl=id&rclk=1
Bambu Spa Indonesia,089623073005,spa,spa in Jakarta Barat,https://www.google.com/maps/place/Bambu+Spa+Indonesia/data=!4m7!3m6!1s0x2e6a030f39eafd3d:0x79b88da5c672da9f!8m2!3d-6.1246619!4d106.7077413!16s%2Fg%2F11v3ykz0wc!19sChIJPf3qOQ8Dai4Rn9pyxqWNuHk?authuser=0&hl=id&rclk=1
Dragon shiatsu & Traditional massage (Belakang Bank BJB daan mogot baru,081510086787,spa,spa in Jakarta Barat,https://www.google.com/maps/place/Dragon+shiatsu+%26+Traditional+massage+%28Belakang+Bank+BJB+daan+mogot+baru/data=!4m7!3m6!1s0x2e69f9d278b40aa9:0xe5f862c302c8e8c1!8m2!3d-6.1497997!4d106.7152203!16s%2Fg%2F11tctcns16!19sChIJqQq0eNL5aS4RwejIAsNi-OU?authuser=0&hl=id&rclk=1
Maple Leaf Salon + Spa,08158888983,spa,spa in Jakarta Barat,https://www.google.com/maps/place/Maple+Leaf+Salon+%2B+Spa/data=!4m7!3m6!1s0x2e6a02a4fdfe0499:0x205284012fd61781!8m2!3d-6.1312062!4d106.7081874!16s%2Fg%2F1pzrdnjvl!19sChIJmQT-_aQCai4RgRfWLwGEUiA?authuser=0&hl=id&rclk=1
JOHN MOM AND BABY SPA KALIDERES,081210242521,spa,spa in Jakarta Barat,https://www.google.com/maps/place/JOHN+MOM+AND+BABY+SPA+KALIDERES/data=!4m7!3m6!1s0x2e6a030056fa9533:0x9a287d9ed3ee596c!8m2!3d-6.1242353!4d106.6934828!16s%2Fg%2F11vsgjdbgl!19sChIJM5X6VgADai4RbFnu0559KJo?authuser=0&hl=id&rclk=1
Bimbadevi Spa & Massage,085210000082,spa,spa in Jakarta Barat,https://www.google.com/maps/place/Bimbadevi+Spa+%26+Massage/data=!4m7!3m6!1s0x2e6a03ea5e5b0deb:0xa047a49c3a3aee98!8m2!3d-6.1247101!4d106.7104495!16s%2Fg%2F11lzcpwblc!19sChIJ6w1bXuoDai4RmO46OpykR6A?authuser=0&hl=id&rclk=1
Andria Spa,082226644225,spa,spa in Jakarta Barat,https://www.google.com/maps/place/Andria+Spa/data=!4m7!3m6!1s0x2e69f7498d331c79:0x8b834887b1dc8ee7!8m2!3d-6.1807241!4d106.7836251!16s%2Fg%2F11y50fkvy9!19sChIJeRwzjUn3aS4R547csYdIg4s?authuser=0&hl=id&rclk=1
Martha Tilaar Salon Day Spa Greenville,087711122888,spa,spa in Jakarta Barat,https://www.google.com/maps/place/Martha+Tilaar+Salon+Day+Spa+Greenville/data=!4m7!3m6!1s0x2e69f652edf036a5:0xa4f8707c86e83522!8m2!3d-6.1695007!4d106.7729725!16s%2Fg%2F11f3tvv6s5!19sChIJpTbw7VL2aS4RIjXohnxw-KQ?authuser=0&hl=id&rclk=1
Zahra Relax,081928310722,spa,spa in Jakarta Barat,https://www.google.com/maps/place/Zahra+Relax/data=!4m7!3m6!1s0x2e6a1d7020d17425:0x1896bf89ae5aa10f!8m2!3d-6.1315701!4d106.735455!16s%2Fg%2F11sm8p9zt5!19sChIJJXTRIHAdai4RD6Farom_lhg?authuser=0&hl=id&rclk=1
Spa Tradisional,083899004181,spa,spa in Jakarta Barat,https://www.google.com/maps/place/Spa+Tradisional/data=!4m7!3m6!1s0x2e6a0318349d71c3:0x8518d6a4ce359c2f!8m2!3d-6.1357998!4d106.6913878!16s%2Fg%2F11s7mj2y5w!19sChIJw3GdNBgDai4RL5w1zqTWGIU?authuser=0&hl=id&rclk=1
Baby Spa Mi n Bi,089630223786,spa,spa in Jakarta Barat,https://www.google.com/maps/place/Baby+Spa+Mi+n+Bi/data=!4m7!3m6!1s0x2e69f7746a8747f3:0x8430792b68514d5f!8m2!3d-6.1441277!4d106.734671!16s%2Fg%2F11mvjv8pkr!19sChIJ80eHanT3aS4RX01RaCt5MIQ?authuser=0&hl=id&rclk=1
Family Reflexology Telapak Mas,082190003723,spa,spa in Jakarta Barat,https://www.google.com/maps/place/Family+Reflexology+Telapak+Mas/data=!4m7!3m6!1s0x2e6a1d002336ff65:0x802ba8cdae1936bd!8m2!3d-6.1364667!4d106.7365208!16s%2Fg%2F11y8v_w_k7!19sChIJZf82IwAdai4RvTYZrs2oK4A?authuser=0&hl=id&rclk=1
FEE SIGNATURE,082188881326,spa,spa in Jakarta Barat,https://www.google.com/maps/place/FEE+SIGNATURE/data=!4m7!3m6!1s0x2e69f7a4c7476edb:0x6a92e9c87cc962e4!8m2!3d-6.1630279!4d106.7633785!16s%2Fg%2F11sct3d23h!19sChIJ225Hx6T3aS4R5GLJfMjpkmo?authuser=0&hl=id&rclk=1
rise wellness & spa,081384446872,spa,spa in Jakarta Barat,https://www.google.com/maps/place/rise+wellness+%26+spa/data=!4m7!3m6!1s0x2e69f704cb5fa36b:0x7db109673c9101d3!8m2!3d-6.1902179!4d106.7540688!16s%2Fg%2F11h4dpvv96!19sChIJa6NfywT3aS4R0wGRPGcJsX0?authuser=0&hl=id&rclk=1
A & S salon and spa,081219557770,spa,spa in Jakarta Barat,https://www.google.com/maps/place/A+%26+S+salon+and+spa/data=!4m7!3m6!1s0x2e69f91ffb565a85:0x5c65deb82479930b!8m2!3d-6.1486708!4d106.7044459!16s%2Fg%2F11l7z5fd2b!19sChIJhVpW-x_5aS4RC5N5JLjeZVw?authuser=0&hl=id&rclk=1
CMC Jakarta Barat,081283587135,spa,spa in Jakarta Barat,https://www.google.com/maps/place/CMC+Jakarta+Barat/data=!4m7!3m6!1s0x2e69f9347016f8e9:0x3fd725d8b14bf7c0!8m2!3d-6.157622!4d106.7138604!16s%2Fg%2F11tsdb01hx!19sChIJ6fgWcDT5aS4RwPdLsdgl1z8?authuser=0&hl=id&rclk=1
Dez.Ha Massage,085606596548,spa,spa in Jakarta Barat,https://www.google.com/maps/place/Dez.Ha+Massage/data=!4m7!3m6!1s0x2e69f7087b875c61:0x43a18454ee12751e!8m2!3d-6.1674309!4d106.7637239!16s%2Fg%2F11yr3p13dq!19sChIJYVyHewj3aS4RHnUS7lSEoUM?authuser=0&hl=id&rclk=1
Zen-O Reflexology,085171606778,spa,spa in Jakarta Barat,https://www.google.com/maps/place/Zen-O+Reflexology/data=!4m7!3m6!1s0x2e69f7f2e540011b:0x4ea97411881b35e6!8m2!3d-6.1727234!4d106.7659635!16s%2Fg%2F11s__lhq7_!19sChIJGwFA5fL3aS4R5jUbiBF0qU4?authuser=0&hl=id&rclk=1
Bliss Massage,085814469622,spa,spa in Jakarta Barat,https://www.google.com/maps/place/Bliss+Massage/data=!4m7!3m6!1s0x2e69f7b16d16aa25:0xba51e445ec483703!8m2!3d-6.1648923!4d106.7633869!16s%2Fg%2F11ggvxncxg!19sChIJJaoWbbH3aS4RAzdI7EXkUbo?authuser=0&hl=id&rclk=1
Q One,082111998123,spa,spa in Jakarta Barat,https://www.google.com/maps/place/Q+One/data=!4m7!3m6!1s0x2e69f7b14b4a2b15:0x9e8efc9b072435f2!8m2!3d-6.1631024!4d106.7636195!16s%2Fg%2F11f2r_p7hx!19sChIJFStKS7H3aS4R8jUkB5v8jp4?authuser=0&hl=id&rclk=1
Massage yurike best spa jakarta || home service,082246229849,spa,spa in Jakarta Barat,https://www.google.com/maps/place/Massage+yurike+best+spa+jakarta+%7C%7C+home+service/data=!4m7!3m6!1s0x2e69f737967b7ded:0xbd11f726d174eba7!8m2!3d-6.1618007!4d106.7847529!16s%2Fg%2F11ts2n7zwn!19sChIJ7X17ljf3aS4Rp-t00Sb3Eb0?authuser=0&hl=id&rclk=1
Twin home spa//home srvice massage jakarta,088224921992,spa,spa in Jakarta Barat,https://www.google.com/maps/place/Twin+home+spa%2F%2Fhome+srvice+massage+jakarta/data=!4m7!3m6!1s0x2e69f77391b2e751:0x2e8dc37d34499f26!8m2!3d-6.1891377!4d106.740577!16s%2Fg%2F11trwy094_!19sChIJUeeykXP3aS4RJp9JNH3DjS4?authuser=0&hl=id&rclk=1
MK Japanese Spa Tanjung Duren,081252229197,spa,spa in Jakarta Barat,https://www.google.com/maps/place/MK+Japanese+Spa+Tanjung+Duren/data=!4m7!3m6!1s0x2e69f70a704ecb7b:0xccb7c1a37d09b5b7!8m2!3d-6.1785029!4d106.7807998!16s%2Fg%2F11x7tvdd8_!19sChIJe8tOcAr3aS4Rt7UJfaPBt8w?authuser=0&hl=id&rclk=1
"Red Lite Cafe Green Lake City, Cengkareng",08568881889,spa,spa in Jakarta Barat,"https://www.google.com/maps/place/Red+Lite+Cafe+Green+Lake+City,+Cengkareng/data=!4m7!3m6!1s0x2e69f82d66dc0b49:0x7d09550c7d15d772!8m2!3d-6.1794936!4d106.7121916!16s%2Fg%2F11cmyvdtn4!19sChIJSQvcZi34aS4RctcVfQxVCX0?authuser=0&hl=id&rclk=1"
